AKKA,HPHD,CON1,XO,,2,,,2,705,708,707,705,,,,,,,,,,,,,,,,
AKKA,HPHD,CON1,XO,,3,,T,3,705,708,707,705,,,,,,,,,,,,,,,,
AKKA,HPHD,CON1,XO,,3,,,4,705,708,707,705,,,,,,,,,,,,,,,,
AKKA,HPHD,CON1,XO,,4,,T,5,705,707,708,705,,,,,,,,,,,,,,,,
AKKA,HPHD,CON1,XO,,4,,,6,705,707,708,705,,,,,,,,,,,,,,,,
AKKA,HPHD,CON2,OX,,2,,,2,705,707,708,705,,,,,,,,,,,,,,,,
AKKA,HPHD,CON2,OX,,3,,T,3,705,707,708,705,,,,,,,,,,,,,,,,
AKKA,HPHD,CON2,OX,,3,,,4,705,707,708,705,,,,,,,,,,,,,,,,
AKKA,HPHD,CON2,OX,,4,,T,5,705,708,707,705,,,,,,,,,,,,,,,,
AKKA,HPHD,CON2,OX,,4,,,6,705,708,707,705,,,,,,,,,,,,,,,,
AKKA,HPHD,CON3,XX,ARAA,2,,,2,705,708,707,705,,,,,,,,,,,,,,,,
AKKA,HPHD,CON3,XX,ARAA,3,,T,3,705,708,707,705,,,,,,,,,,,,,,,,
AKKA,HPHD,CON3,XX,ARAA,3,,,4,705,708,707,705,,,,,,,,,,,,,,,,
AKKA,HPHD,CON3,XX,ARAA,4,,T,5,705,707,708,705,,,,,,,,,,,,,,,,
AKKA,HPHD,CON3,XX,ARAA,4,,,6,705,707,708,705,,,,,,,,,,,,,,,,
AKKA,HPHD,CON3,XX,ARAB,2,,,2,705,707,708,705,,,,,,,,,,,,,,,,
AKKA,HPHD,CON3,XX,ARAB,3,,T,3,705,707,708,705,,,,,,,,,,,,,,,,
AKKA,HPHD,CON3,XX,ARAB,3,,,4,705,707,708,705,,,,,,,,,,,,,,,,
AKKA,HPHD,CON3,XX,ARAB,4,,T,5,705,708,707,705,,,,,,,,,,,,,,,,
AKKA,HPHD,CON3,XX,ARAB,4,,,6,705,708,707,705,,,,,,,,,,,,,,,,
AKKA,HPHD,CON4,XXO,,3,,,4,705,707,708,708,707,705,,,,,,,,,,,,,,
AKKA,HPHD,CON4,XXO,,4,,T,5,705,707,708,708,707,705,,,,,,,,,,,,,,
AKKA,HPHD,CON4,XXO,,4,,,6,705,707,708,708,707,705,,,,,,,,,,,,,,
AKKA,HPHD,CON4,XXO,,5,,T,7,705,707,707,707,707,705,,,,,,,,,,,,,,
AKKA,HPHD,CON4,XXO,,5,,,8,705,707,707,707,707,705,,,,,,,,,,,,,,
AKKA,HPHD,CON5,OXX,,3,,,4,705,707,708,708,707,705,,,,,,,,,,,,,,
AKKA,HPHD,CON5,OXX,,4,,T,5,705,707,708,708,707,705,,,,,,,,,,,,,,
AKKA,HPHD,CON5,OXX,,4,,,6,705,707,708,708,707,705,,,,,,,,,,,,,,
AKKA,HPHD,CON5,OXX,,5,,T,7,705,707,708,708,707,705,,,,,,,,,,,,,,
AKKA,HPHD,CON5,OXX,,5,,,8,705,707,708,708,707,705,,,,,,,,,,,,,,
AKKA,HPHD,CON6,XXX,ARAA,3,,,4,705,707,708,708,707,705,,,,,,,,,,,,,,
AKKA,HPHD,CON6,XXX,ARAA,4,,T,5,705,707,708,708,707,705,,,,,,,,,,,,,,
AKKA,HPHD,CON6,XXX,ARAA,4,,,6,705,707,708,708,707,705,,,,,,,,,,,,,,
AKKA,HPHD,CON6,XXX,ARAA,5,,T,7,705,707,708,708,707,705,,,,,,,,,,,,,,
AKKA,HPHD,CON6,XXX,ARAA,5,,,8,705,707,708,708,707,705,,,,,,,,,,,,,,
AKKA,HPHD,CON6,XXX,ARAB,3,,,4,705,707,708,708,707,705,,,,,,,,,,,,,,
AKKA,HPHD,CON6,XXX,ARAB,4,,T,5,705,707,708,708,707,705,,,,,,,,,,,,,,
AKKA,HPHD,CON6,XXX,ARAB,4,,,6,705,707,708,708,707,705,,,,,,,,,,,,,,
AKKA,HPHD,CON6,XXX,ARAB,5,,T,7,705,707,708,708,707,705,,,,,,,,,,,,,,
AKKA,HPHD,CON6,XXX,ARAB,5,,,8,705,707,708,708,707,705,,,,,,,,,,,,,,
AKKA,HPHD,CON7,XOX,,2,,,2,705,708,707,707,708,705,,,,,,,,,,,,,,
AKKA,HPHD,CON7,XOX,,3,,T,2,705,708,707,707,708,705,,,,,,,,,,,,,,
AKKA,HPHD,CON7,XOX,,3,,,4,705,708,707,707,708,705,,,,,,,,,,,,,,
AKKA,HPHD,CON8,XXXO,,4,,,6,705,707,708,708,708,708,707,705,,,,,,,,,,,,
AKKA,HPHD,CON8,XXXO,,5,,T,7,705,707,708,708,708,708,707,705,,,,,,,,,,,,
AKKA,HPHD,CON8,XXXO,,5,,,8,705,707,708,708,708,708,707,705,,,,,,,,,,,,
AKKA,HPHD,CON9,OXXX,,4,,,6,705,707,708,708,708,708,707,705,,,,,,,,,,,,
AKKA,HPHD,CON9,OXXX,,5,,T,7,705,707,708,708,708,708,707,705,,,,,,,,,,,,
AKKA,HPHD,CON9,OXXX,,5,,,8,705,707,708,708,708,708,707,705,,,,,,,,,,,,
AKKA,HPHD,CONA,XXXX,,4,,,6,705,707,708,708,708,708,707,705,,,,,,,,,,,,
AKKA,HPHD,CONA,XXXX,,5,,T,7,705,707,708,708,708,708,707,705,,,,,,,,,,,,
AKKA,HPHD,CONA,XXXX,,5,,,8,705,707,708,708,708,708,707,705,,,,,,,,,,,,
AKKA,HPHD,CONB,XXXXO,,5,,,8,705,707,708,708,708,708,708,708,707,705,,,,,,,,,,
AKKA,HPHD,CONC,OXXXX,,5,,,8,705,707,708,708,708,708,708,708,707,705,,,,,,,,,,
AKKA,HPHD,COND,XXXXX,,5,,,8,705,707,708,708,708,708,708,708,707,705,,,,,,,,,,
AKKA,HPHD,CONE,XX-X,,2,,,2,705,707,708,718,706,705,,,,,,,,,,,,,,
AKKA,HPHD,CONE,XX-X,,3,,T,4,705,707,708,705,706,705,,,,,,,,,,,,,,
AKKA,HPHD,CONE,XX-X,,3,,,4,705,707,708,718,706,705,,,,,,,,,,,,,,
AKKA,HPHD,CONF,X-XX,,2,,,2,705,706,718,708,707,705,,,,,,,,,,,,,,
AKKA,HPHD,CONF,X-XX,,3,,T,4,705,706,705,708,707,705,,,,,,,,,,,,,,
AKKA,HPHD,CONF,X-XX,,3,,,4,705,706,718,708,707,705,,,,,,,,,,,,,,
AKKA,HPHD,CONG,OX-O,,2,,,2,705,707,708,718,706,705,,,,,,,,,,,,,,
AKKA,HPHD,CONG,OX-O,,3,,T,4,705,707,708,705,706,705,,,,,,,,,,,,,,
AKKA,HPHD,CONG,OX-O,,3,,,4,705,707,708,718,706,705,,,,,,,,,,,,,,
AKKA,HPHD,CONH,O-XO,,2,,,2,705,706,718,708,707,705,,,,,,,,,,,,,,
AKKA,HPHD,CONH,O-XO,,3,,T,4,705,706,705,708,707,705,,,,,,,,,,,,,,
AKKA,HPHD,CONH,O-XO,,3,,,4,705,706,718,708,707,705,,,,,,,,,,,,,,
AKKA,HPHD,CONI,O-XX,,2,,,2,705,706,718,708,707,705,,,,,,,,,,,,,,
AKKA,HPHD,CONI,O-XX,,3,,T,4,705,706,705,708,707,705,,,,,,,,,,,,,,
AKKA,HPHD,CONI,O-XX,,3,,,4,705,706,718,708,707,705,,,,,,,,,,,,,,
AKKA,HPHD,CONJ,XX-O,,2,,,2,705,707,708,718,706,705,,,,,,,,,,,,,,
AKKA,HPHD,CONJ,XX-O,,3,,T,4,705,707,708,705,706,705,,,,,,,,,,,,,,
AKKA,HPHD,CONJ,XX-O,,3,,,4,705,707,708,718,706,705,,,,,,,,,,,,,,
AKKA,HPHD,CONK,XX-XX,ARAA,2,,,2,705,707,708,718,706,708,707,705,,,,,,,,,,,,
AKKA,HPHD,CONK,XX-XX,ARAA,3,,T,4,705,707,708,718,706,708,707,705,,,,,,,,,,,,
AKKA,HPHD,CONK,XX-XX,ARAA,3,,,4,705,707,708,718,706,708,707,705,,,,,,,,,,,,
AKKA,HPHD,CONK,XX-XX,ARAA,4,,T,6,705,707,708,718,706,708,707,705,,,,,,,,,,,,
AKKA,HPHD,CONK,XX-XX,ARAA,4,,,6,705,707,708,718,706,708,707,705,,,,,,,,,,,,
AKKA,HPHD,CONK,XX-XX,ARAB,2,,,2,705,707,708,706,718,708,707,705,,,,,,,,,,,,
AKKA,HPHD,CONK,XX-XX,ARAB,3,,T,4,705,707,708,706,718,708,707,705,,,,,,,,,,,,
AKKA,HPHD,CONK,XX-XX,ARAB,3,,,4,705,707,708,706,718,708,707,705,,,,,,,,,,,,
AKKA,HPHD,CONK,XX-XX,ARAB,4,,T,6,705,707,708,706,718,708,707,705,,,,,,,,,,,,
AKKA,HPHD,CONK,XX-XX,ARAB,4,,,6,705,707,708,706,718,708,707,705,,,,,,,,,,,,
AKKA,HPHD,CONL,OX-XO,ARAA,2,,,2,705,707,708,718,706,708,707,705,,,,,,,,,,,,
AKKA,HPHD,CONL,OX-XO,ARAA,3,,T,4,705,707,708,718,706,708,707,705,,,,,,,,,,,,
AKKA,HPHD,CONL,OX-XO,ARAA,3,,,4,705,707,708,718,706,708,707,705,,,,,,,,,,,,
AKKA,HPHD,CONL,OX-XO,ARAA,4,,T,6,705,707,708,718,706,708,707,705,,,,,,,,,,,,
AKKA,HPHD,CONL,OX-XO,ARAA,4,,,6,705,707,708,718,706,708,707,705,,,,,,,,,,,,
AKKA,HPHD,CONL,OX-XO,ARAB,2,,,2,705,707,708,706,718,708,707,705,,,,,,,,,,,,
AKKA,HPHD,CONL,OX-XO,ARAB,3,,T,4,705,707,708,706,718,708,707,705,,,,,,,,,,,,
AKKA,HPHD,CONL,OX-XO,ARAB,3,,,4,705,707,708,706,718,708,707,705,,,,,,,,,,,,
AKKA,HPHD,CONL,OX-XO,ARAB,4,,T,6,705,707,708,706,718,708,707,705,,,,,,,,,,,,
AKKA,HPHD,CONL,OX-XO,ARAB,4,,,6,705,707,708,706,718,708,707,705,,,,,,,,,,,,
AKKA,HPHD,CONM,OX-XX,ARAA,2,,,2,705,707,708,718,706,708,707,705,,,,,,,,,,,,
AKKA,HPHD,CONM,OX-XX,ARAA,3,,T,4,705,707,708,718,706,708,707,705,,,,,,,,,,,,
AKKA,HPHD,CONM,OX-XX,ARAA,3,,,4,705,707,708,718,706,708,707,705,,,,,,,,,,,,
AKKA,HPHD,CONM,OX-XX,ARAA,4,,T,6,705,707,708,718,706,708,707,705,,,,,,,,,,,,
AKKA,HPHD,CONM,OX-XX,ARAA,4,,,6,705,707,708,718,706,708,707,705,,,,,,,,,,,,
AKKA,HPHD,CONM,OX-XX,ARAB,2,,,2,705,707,708,706,718,708,707,705,,,,,,,,,,,,
AKKA,HPHD,CONM,OX-XX,ARAB,3,,T,4,705,707,708,706,718,708,707,705,,,,,,,,,,,,
AKKA,HPHD,CONM,OX-XX,ARAB,3,,,4,705,707,708,706,718,708,707,705,,,,,,,,,,,,
AKKA,HPHD,CONM,OX-XX,ARAB,4,,T,6,705,707,708,706,718,708,707,705,,,,,,,,,,,,
AKKA,HPHD,CONM,OX-XX,ARAB,4,,,6,705,707,708,706,718,708,707,705,,,,,,,,,,,,
AKKA,HPHD,CONN,XX-XO,ARAA,2,,,2,705,707,708,718,706,708,707,705,,,,,,,,,,,,
AKKA,HPHD,CONN,XX-XO,ARAA,3,,T,4,705,707,708,718,706,708,707,705,,,,,,,,,,,,
AKKA,HPHD,CONN,XX-XO,ARAA,3,,,4,705,707,708,718,706,708,707,705,,,,,,,,,,,,
AKKA,HPHD,CONN,XX-XO,ARAA,4,,T,6,705,707,708,718,706,708,707,705,,,,,,,,,,,,
AKKA,HPHD,CONN,XX-XO,ARAA,4,,,6,705,707,708,718,706,708,707,705,,,,,,,,,,,,
AKKA,HPHD,CONN,XX-XO,ARAB,2,,,2,705,707,708,706,718,708,707,705,,,,,,,,,,,,
AKKA,HPHD,CONN,XX-XO,ARAB,3,,T,4,705,707,708,706,718,708,707,705,,,,,,,,,,,,
AKKA,HPHD,CONN,XX-XO,ARAB,3,,,4,705,707,708,706,718,708,707,705,,,,,,,,,,,,
AKKA,HPHD,CONN,XX-XO,ARAB,4,,T,6,705,707,708,706,718,708,707,705,,,,,,,,,,,,
AKKA,HPHD,CONN,XX-XO,ARAB,4,,,6,705,707,708,706,718,708,707,705,,,,,,,,,,,,
AKKA,HPHD,CONO,OXX-XO,,3,,,4,705,707,708,708,707,718,706,707,708,705,,,,,,,,,,
AKKA,HPHD,CONP,OX-XXO,,3,,,4,705,708,707,706,718,707,708,708,707,705,,,,,,,,,,
AKKA,HPHD,CONQ,XXX-XX,,3,,,4,705,707,708,708,707,718,706,707,708,705,,,,,,,,,,
AKKA,HPHD,CONR,XX-XXX,,3,,,4,705,708,707,706,718,707,708,708,707,705,,,,,,,,,,
AKKA,HPHD,CONS,OX-XXX,,3,,,4,705,708,707,706,718,707,708,708,707,705,,,,,,,,,,
AKKA,HPHD,CONT,XXX-XO,,3,,,4,705,707,708,708,707,718,706,707,708,705,,,,,,,,,,
AKKA,HPHD,CONU,OXX-XXO,ARAA,3,,,4,705,707,708,708,707,718,706,707,708,708,707,705,,,,,,,,
AKKA,HPHD,CONU,OXX-XXO,ARAA,4,,T,6,705,707,708,708,707,718,706,707,708,708,707,705,,,,,,,,
AKKA,HPHD,CONU,OXX-XXO,ARAA,4,,,6,705,707,708,708,707,718,706,707,708,708,707,705,,,,,,,,
AKKA,HPHD,CONU,OXX-XXO,ARAA,5,,T,8,705,707,708,708,707,718,706,707,708,708,707,705,,,,,,,,
AKKA,HPHD,CONU,OXX-XXO,ARAA,5,,,8,705,707,708,708,707,718,706,707,708,708,707,705,,,,,,,,
AKKA,HPHD,CONU,OXX-XXO,ARAB,3,,,4,705,707,708,708,707,706,718,707,708,708,707,705,,,,,,,,
AKKA,HPHD,CONU,OXX-XXO,ARAB,4,,T,6,705,707,708,708,707,706,718,707,708,708,707,705,,,,,,,,
AKKA,HPHD,CONU,OXX-XXO,ARAB,4,,,6,705,707,708,708,707,706,718,707,708,708,707,705,,,,,,,,
AKKA,HPHD,CONU,OXX-XXO,ARAB,5,,T,8,705,707,708,708,707,706,718,707,708,708,707,705,,,,,,,,
AKKA,HPHD,CONU,OXX-XXO,ARAB,5,,,8,705,707,708,708,707,706,718,707,708,708,707,705,,,,,,,,
AKKA,HPHD,CONV,XXX-XXX,ARAA,3,,,4,705,707,708,708,707,718,706,707,708,708,707,705,,,,,,,,
AKKA,HPHD,CONV,XXX-XXX,ARAA,4,,T,6,705,707,708,708,707,718,706,707,708,708,707,705,,,,,,,,
AKKA,HPHD,CONV,XXX-XXX,ARAA,4,,,6,705,707,708,708,707,718,706,707,708,708,707,705,,,,,,,,
AKKA,HPHD,CONV,XXX-XXX,ARAA,5,,T,8,705,707,708,708,707,718,706,707,708,708,707,705,,,,,,,,
AKKA,HPHD,CONV,XXX-XXX,ARAA,5,,,8,705,707,708,708,707,718,706,707,708,708,707,705,,,,,,,,
AKKA,HPHD,CONV,XXX-XXX,ARAB,3,,,4,705,707,708,708,707,706,718,707,708,708,707,705,,,,,,,,
AKKA,HPHD,CONV,XXX-XXX,ARAB,4,,T,6,705,707,708,708,707,706,718,707,708,708,707,705,,,,,,,,
AKKA,HPHD,CONV,XXX-XXX,ARAB,4,,,6,705,707,708,708,707,706,718,707,708,708,707,705,,,,,,,,
AKKA,HPHD,CONV,XXX-XXX,ARAB,5,,T,8,705,707,708,708,707,706,718,707,708,708,707,705,,,,,,,,
AKKA,HPHD,CONV,XXX-XXX,ARAB,5,,,8,705,707,708,708,707,706,718,707,708,708,707,705,,,,,,,,
AKKA,HPHD,CONW,OXXX-XXXO,ARAA,4,,,6,705,707,708,708,708,708,707,718,706,707,708,708,708,708,707,705,,,,
AKKA,HPHD,CONW,OXXX-XXXO,ARAA,5,,T,8,705,707,708,708,708,708,707,718,706,707,708,708,708,708,707,705,,,,
AKKA,HPHD,CONW,OXXX-XXXO,ARAA,5,,,8,705,707,708,708,708,708,707,718,706,707,708,708,708,708,707,705,,,,
AKKA,HPHD,CONW,OXXX-XXXO,ARAB,4,,,6,705,707,708,708,708,708,707,706,718,707,708,708,708,708,707,705,,,,
AKKA,HPHD,CONW,OXXX-XXXO,ARAB,5,,T,8,705,707,708,708,708,708,707,706,718,707,708,708,708,708,707,705,,,,
AKKA,HPHD,CONW,OXXX-XXXO,ARAB,5,,,8,705,707,708,708,708,708,707,706,718,707,708,708,708,708,707,705,,,,
AKKA,HPHD,CONX,XXXX-XXXX,ARAA,4,,,6,705,707,708,708,708,708,707,718,706,707,708,708,708,708,707,705,,,,
AKKA,HPHD,CONX,XXXX-XXXX,ARAA,5,,T,8,705,707,708,708,708,708,707,718,706,707,708,708,708,708,707,705,,,,
AKKA,HPHD,CONX,XXXX-XXXX,ARAA,5,,,8,705,707,708,708,708,708,707,718,706,707,708,708,708,708,707,705,,,,
AKKA,HPHD,CONX,XXXX-XXXX,ARAB,4,,,6,705,707,708,708,708,708,707,706,718,707,708,708,708,708,707,705,,,,
AKKA,HPHD,CONX,XXXX-XXXX,ARAB,5,,T,8,705,707,708,708,708,708,707,706,718,707,708,708,708,708,707,705,,,,
AKKA,HPHD,CONX,XXXX-XXXX,ARAB,5,,,8,705,707,708,708,708,708,707,706,718,707,708,708,708,708,707,705,,,,
AKKA,HPHD,CONY,OXXXX-XXXXO,ARAA,5,,,8,705,707,708,708,708,708,708,708,707,718,706,707,708,708,708,708,708,708,707,705
AKKA,HPHD,CONY,OXXXX-XXXXO,ARAB,5,,,8,705,707,708,708,708,708,708,708,707,706,718,707,708,708,708,708,708,708,707,705
AKKA,STAN,CON1,XO,,2,,,2,705,707,707,705,,,,,,,,,,,,,,,,
AKKA,STAN,CON1,XO,,3,,T,3,705,707,707,705,,,,,,,,,,,,,,,,
AKKA,STAN,CON1,XO,,3,,,4,705,707,707,705,,,,,,,,,,,,,,,,
AKKA,STAN,CON1,XO,,4,,T,5,705,707,707,705,,,,,,,,,,,,,,,,
AKKA,STAN,CON1,XO,,4,,,6,705,707,707,705,,,,,,,,,,,,,,,,
AKKA,STAN,CON2,OX,,2,,,2,705,707,707,705,,,,,,,,,,,,,,,,
AKKA,STAN,CON2,OX,,3,,T,3,705,707,707,705,,,,,,,,,,,,,,,,
AKKA,STAN,CON2,OX,,3,,,4,705,707,707,705,,,,,,,,,,,,,,,,
AKKA,STAN,CON2,OX,,4,,T,5,705,707,707,705,,,,,,,,,,,,,,,,
AKKA,STAN,CON2,OX,,4,,,6,705,707,707,705,,,,,,,,,,,,,,,,
AKKA,STAN,CON3,XX,,2,,,2,705,707,707,705,,,,,,,,,,,,,,,,
AKKA,STAN,CON3,XX,,3,,T,3,705,707,707,705,,,,,,,,,,,,,,,,
AKKA,STAN,CON3,XX,,3,,,4,705,707,707,705,,,,,,,,,,,,,,,,
AKKA,STAN,CON3,XX,,4,,T,5,705,707,707,705,,,,,,,,,,,,,,,,
AKKA,STAN,CON3,XX,,4,,,6,705,707,707,705,,,,,,,,,,,,,,,,
AKKA,STAN,CON4,XXO,,3,,,4,705,707,707,707,707,705,,,,,,,,,,,,,,
AKKA,STAN,CON4,XXO,,4,,T,5,705,707,708,707,707,705,,,,,,,,,,,,,,
AKKA,STAN,CON4,XXO,,4,,,6,705,707,708,707,707,705,,,,,,,,,,,,,,
AKKA,STAN,CON4,XXO,,5,,T,7,705,707,707,707,707,705,,,,,,,,,,,,,,
AKKA,STAN,CON4,XXO,,5,,,8,705,707,707,707,707,705,,,,,,,,,,,,,,
AKKA,STAN,CON5,OXX,,3,,,4,705,707,707,707,707,705,,,,,,,,,,,,,,
AKKA,STAN,CON5,OXX,,4,,T,5,705,707,707,708,707,705,,,,,,,,,,,,,,
AKKA,STAN,CON5,OXX,,4,,,6,705,707,707,708,707,705,,,,,,,,,,,,,,
AKKA,STAN,CON5,OXX,,5,,T,7,705,707,707,707,707,705,,,,,,,,,,,,,,
AKKA,STAN,CON5,OXX,,5,,,8,705,707,707,707,707,705,,,,,,,,,,,,,,
AKKA,STAN,CON6,XXX,ARAA,4,,T,5,705,707,708,707,707,705,,,,,,,,,,,,,,
AKKA,STAN,CON6,XXX,ARAA,4,,,6,705,707,708,707,707,705,,,,,,,,,,,,,,
AKKA,STAN,CON6,XXX,ARAB,4,,T,5,705,707,707,708,707,705,,,,,,,,,,,,,,
AKKA,STAN,CON6,XXX,ARAB,4,,,6,705,707,707,708,707,705,,,,,,,,,,,,,,
AKKA,STAN,CON6,XXX,,3,,,4,705,707,707,707,707,705,,,,,,,,,,,,,,
AKKA,STAN,CON6,XXX,,5,,T,7,705,707,707,707,707,705,,,,,,,,,,,,,,
AKKA,STAN,CON6,XXX,,5,,,8,705,707,707,707,707,705,,,,,,,,,,,,,,
AKKA,STAN,CON7,XOX,,2,,,2,705,707,707,707,707,705,,,,,,,,,,,,,,
AKKA,STAN,CON7,XOX,,3,,T,2,705,707,707,707,707,705,,,,,,,,,,,,,,
AKKA,STAN,CON7,XOX,,3,,,4,705,707,707,707,707,705,,,,,,,,,,,,,,
AKKA,STAN,CONA,XXXX,,4,,,6,705,707,707,707,707,707,707,705,,,,,,,,,,,,
AKKA,STAN,CONE,XX-X,,2,,,2,705,707,707,718,706,705,,,,,,,,,,,,,,
AKKA,STAN,CONE,XX-X,,3,,T,4,705,707,707,705,706,705,,,,,,,,,,,,,,
AKKA,STAN,CONE,XX-X,,3,,,4,705,707,707,718,706,705,,,,,,,,,,,,,,
AKKA,STAN,CONF,X-XX,,2,,,2,705,706,718,707,707,705,,,,,,,,,,,,,,
AKKA,STAN,CONF,X-XX,,3,,T,4,705,706,705,707,707,705,,,,,,,,,,,,,,
AKKA,STAN,CONF,X-XX,,3,,,4,705,706,718,707,707,705,,,,,,,,,,,,,,
AKKA,STAN,CONG,OX-O,,2,,,2,705,707,707,718,706,705,,,,,,,,,,,,,,
AKKA,STAN,CONG,OX-O,,3,,T,4,705,707,707,705,706,705,,,,,,,,,,,,,,
AKKA,STAN,CONG,OX-O,,3,,,4,705,707,707,718,706,705,,,,,,,,,,,,,,
AKKA,STAN,CONH,O-XO,,2,,,2,705,706,718,707,707,705,,,,,,,,,,,,,,
AKKA,STAN,CONH,O-XO,,3,,T,4,705,706,705,707,707,705,,,,,,,,,,,,,,
AKKA,STAN,CONH,O-XO,,3,,,4,705,706,718,707,707,705,,,,,,,,,,,,,,
AKKA,STAN,CONI,O-XX,,2,,,2,705,706,718,707,707,705,,,,,,,,,,,,,,
AKKA,STAN,CONI,O-XX,,3,,T,4,705,706,705,707,707,705,,,,,,,,,,,,,,
AKKA,STAN,CONI,O-XX,,3,,,4,705,706,718,707,707,705,,,,,,,,,,,,,,
AKKA,STAN,CONJ,XX-O,,2,,,2,705,707,707,718,706,705,,,,,,,,,,,,,,
AKKA,STAN,CONJ,XX-O,,3,,T,4,705,707,707,705,706,705,,,,,,,,,,,,,,
AKKA,STAN,CONJ,XX-O,,3,,,4,705,707,707,718,706,705,,,,,,,,,,,,,,
AKKA,STAN,CONK,XX-XX,ARAA,2,,,2,705,707,707,718,706,707,707,705,,,,,,,,,,,,
AKKA,STAN,CONK,XX-XX,ARAA,3,,T,4,705,707,707,718,706,707,707,705,,,,,,,,,,,,
AKKA,STAN,CONK,XX-XX,ARAA,3,,,4,705,707,707,718,706,707,707,705,,,,,,,,,,,,
AKKA,STAN,CONK,XX-XX,ARAA,4,,T,6,705,707,707,718,706,707,707,705,,,,,,,,,,,,
AKKA,STAN,CONK,XX-XX,ARAA,4,,,6,705,707,707,718,706,707,707,705,,,,,,,,,,,,
AKKA,STAN,CONK,XX-XX,ARAB,2,,,2,705,707,707,706,718,707,707,705,,,,,,,,,,,,
AKKA,STAN,CONK,XX-XX,ARAB,3,,T,4,705,707,707,706,718,707,707,705,,,,,,,,,,,,
AKKA,STAN,CONK,XX-XX,ARAB,3,,,4,705,707,707,706,718,707,707,705,,,,,,,,,,,,
AKKA,STAN,CONK,XX-XX,ARAB,4,,T,6,705,707,707,706,718,707,707,705,,,,,,,,,,,,
AKKA,STAN,CONK,XX-XX,ARAB,4,,,6,705,707,707,706,718,707,707,705,,,,,,,,,,,,
AKKA,STAN,CONL,OX-XO,ARAA,2,,,2,705,707,707,718,706,707,707,705,,,,,,,,,,,,
AKKA,STAN,CONL,OX-XO,ARAA,3,,T,4,705,707,707,718,706,707,707,705,,,,,,,,,,,,
AKKA,STAN,CONL,OX-XO,ARAA,3,,,4,705,707,707,718,706,707,707,705,,,,,,,,,,,,
AKKA,STAN,CONL,OX-XO,ARAA,4,,T,6,705,707,707,718,706,707,707,705,,,,,,,,,,,,
AKKA,STAN,CONL,OX-XO,ARAA,4,,,6,705,707,707,718,706,707,707,705,,,,,,,,,,,,
AKKA,STAN,CONL,OX-XO,ARAB,2,,,2,705,707,707,706,718,707,707,705,,,,,,,,,,,,
AKKA,STAN,CONL,OX-XO,ARAB,3,,T,4,705,707,707,706,718,707,707,705,,,,,,,,,,,,
AKKA,STAN,CONL,OX-XO,ARAB,3,,,4,705,707,707,706,718,707,707,705,,,,,,,,,,,,
AKKA,STAN,CONL,OX-XO,ARAB,4,,T,6,705,707,707,706,718,707,707,705,,,,,,,,,,,,
AKKA,STAN,CONL,OX-XO,ARAB,4,,,6,705,707,707,706,718,707,707,705,,,,,,,,,,,,
AKKA,STAN,CONM,OX-XX,ARAA,2,,,2,705,707,707,718,706,707,707,705,,,,,,,,,,,,
AKKA,STAN,CONM,OX-XX,ARAA,3,,T,4,705,707,707,718,706,707,707,705,,,,,,,,,,,,
AKKA,STAN,CONM,OX-XX,ARAA,3,,,4,705,707,707,718,706,707,707,705,,,,,,,,,,,,
AKKA,STAN,CONM,OX-XX,ARAA,4,,T,6,705,707,707,718,706,707,707,705,,,,,,,,,,,,
AKKA,STAN,CONM,OX-XX,ARAA,4,,,6,705,707,707,718,706,707,707,705,,,,,,,,,,,,
AKKA,STAN,CONM,OX-XX,ARAB,2,,,2,705,707,707,706,718,707,707,705,,,,,,,,,,,,
AKKA,STAN,CONM,OX-XX,ARAB,3,,T,4,705,707,707,706,718,707,707,705,,,,,,,,,,,,
AKKA,STAN,CONM,OX-XX,ARAB,3,,,4,705,707,707,706,718,707,707,705,,,,,,,,,,,,
AKKA,STAN,CONM,OX-XX,ARAB,4,,T,6,705,707,707,706,718,707,707,705,,,,,,,,,,,,
AKKA,STAN,CONM,OX-XX,ARAB,4,,,6,705,707,707,706,718,707,707,705,,,,,,,,,,,,
AKKA,STAN,CONN,XX-XO,ARAA,2,,,2,705,707,707,718,706,707,707,705,,,,,,,,,,,,
AKKA,STAN,CONN,XX-XO,ARAA,3,,T,4,705,707,707,718,706,707,707,705,,,,,,,,,,,,
AKKA,STAN,CONN,XX-XO,ARAA,3,,,4,705,707,707,718,706,707,707,705,,,,,,,,,,,,
AKKA,STAN,CONN,XX-XO,ARAA,4,,T,6,705,707,707,718,706,707,707,705,,,,,,,,,,,,
AKKA,STAN,CONN,XX-XO,ARAA,4,,,6,705,707,707,718,706,707,707,705,,,,,,,,,,,,
AKKA,STAN,CONN,XX-XO,ARAB,2,,,2,705,707,707,706,718,707,707,705,,,,,,,,,,,,
AKKA,STAN,CONN,XX-XO,ARAB,3,,T,4,705,707,707,706,718,707,707,705,,,,,,,,,,,,
AKKA,STAN,CONN,XX-XO,ARAB,3,,,4,705,707,707,706,718,707,707,705,,,,,,,,,,,,
AKKA,STAN,CONN,XX-XO,ARAB,4,,T,6,705,707,707,706,718,707,707,705,,,,,,,,,,,,
AKKA,STAN,CONN,XX-XO,ARAB,4,,,6,705,707,707,706,718,707,707,705,,,,,,,,,,,,
AKKC,HPHD,CON1,XO,,2,,,0,718,738,738,718,,,,,,,,,,,,,,,,
AKKC,HPHD,CON1,XO,,3,,T,1,718,738,738,718,,,,,,,,,,,,,,,,
AKKC,HPHD,CON1,XO,,3,,,2,718,738,738,718,,,,,,,,,,,,,,,,
AKKC,HPHD,CON1,XO,,4,,T,3,718,738,738,718,,,,,,,,,,,,,,,,
AKKC,HPHD,CON1,XO,,4,,,4,718,738,738,718,,,,,,,,,,,,,,,,
AKKC,HPHD,CON2,OX,,2,,,0,718,738,738,718,,,,,,,,,,,,,,,,
AKKC,HPHD,CON2,OX,,3,,T,1,718,738,738,718,,,,,,,,,,,,,,,,
AKKC,HPHD,CON2,OX,,3,,,2,718,738,738,718,,,,,,,,,,,,,,,,
AKKC,HPHD,CON2,OX,,4,,T,3,718,738,738,718,,,,,,,,,,,,,,,,
AKKC,HPHD,CON2,OX,,4,,,4,718,738,738,718,,,,,,,,,,,,,,,,
AKKC,HPHD,CON3,XX,,2,,,0,718,738,738,718,,,,,,,,,,,,,,,,
AKKC,HPHD,CON3,XX,,3,,T,1,718,738,738,718,,,,,,,,,,,,,,,,
AKKC,HPHD,CON3,XX,,3,,,2,718,738,738,718,,,,,,,,,,,,,,,,
AKKC,HPHD,CON3,XX,,4,,T,3,718,738,738,718,,,,,,,,,,,,,,,,
AKKC,HPHD,CON3,XX,,4,,,4,718,738,738,718,,,,,,,,,,,,,,,,
AKKC,HPHD,CON4,XXO,,3,,,2,718,738,738,738,738,718,,,,,,,,,,,,,,
AKKC,HPHD,CON4,XXO,,4,,T,3,718,738,738,738,738,718,,,,,,,,,,,,,,
AKKC,HPHD,CON4,XXO,,4,,,4,718,738,738,738,738,718,,,,,,,,,,,,,,
AKKC,HPHD,CON4,XXO,,5,,T,5,718,738,738,738,738,718,,,,,,,,,,,,,,
AKKC,HPHD,CON4,XXO,,5,,,6,718,738,738,738,738,718,,,,,,,,,,,,,,
AKKC,HPHD,CON5,OXX,,3,,,2,718,738,738,738,738,718,,,,,,,,,,,,,,
AKKC,HPHD,CON5,OXX,,4,,T,3,718,738,738,738,738,718,,,,,,,,,,,,,,
AKKC,HPHD,CON5,OXX,,4,,,4,718,738,738,738,738,718,,,,,,,,,,,,,,
AKKC,HPHD,CON5,OXX,,5,,T,5,718,738,738,738,738,718,,,,,,,,,,,,,,
AKKC,HPHD,CON5,OXX,,5,,,6,718,738,738,738,738,718,,,,,,,,,,,,,,
AKKC,HPHD,CON6,XXX,,3,,,2,718,738,738,738,738,718,,,,,,,,,,,,,,
AKKC,HPHD,CON6,XXX,,4,,T,3,718,738,738,738,738,718,,,,,,,,,,,,,,
AKKC,HPHD,CON6,XXX,,4,,,4,718,738,738,738,738,718,,,,,,,,,,,,,,
AKKC,HPHD,CON6,XXX,,5,,T,5,718,738,738,738,738,718,,,,,,,,,,,,,,
AKKC,HPHD,CON6,XXX,,5,,,6,718,738,738,738,738,718,,,,,,,,,,,,,,
AKKC,HPHD,CON7,XOX,,2,,,0,718,738,738,738,738,718,,,,,,,,,,,,,,
AKKC,HPHD,CON7,XOX,,3,,T,0,718,738,738,738,738,718,,,,,,,,,,,,,,
AKKC,HPHD,CON7,XOX,,3,,,2,718,738,738,738,738,718,,,,,,,,,,,,,,
AKKC,HPHD,CON8,XXXO,,4,,,4,718,738,738,738,738,738,738,718,,,,,,,,,,,,
AKKC,HPHD,CON8,XXXO,,5,,T,5,718,738,738,738,738,738,738,718,,,,,,,,,,,,
AKKC,HPHD,CON8,XXXO,,5,,,6,718,738,738,738,738,738,738,718,,,,,,,,,,,,
AKKC,HPHD,CON9,OXXX,,4,,,4,718,738,738,738,738,738,738,718,,,,,,,,,,,,
AKKC,HPHD,CON9,OXXX,,5,,T,5,718,738,738,738,738,738,738,718,,,,,,,,,,,,
AKKC,HPHD,CON9,OXXX,,5,,,6,718,738,738,738,738,738,738,718,,,,,,,,,,,,
AKKC,HPHD,CONA,XXXX,,4,,,4,718,738,738,738,738,738,738,718,,,,,,,,,,,,
AKKC,HPHD,CONA,XXXX,,5,,T,5,718,738,738,738,738,738,738,718,,,,,,,,,,,,
AKKC,HPHD,CONA,XXXX,,5,,,6,718,738,738,738,738,738,738,718,,,,,,,,,,,,
AKKC,HPHD,CONB,XXXXO,,5,,,6,718,738,738,738,738,738,738,738,738,718,,,,,,,,,,
AKKC,HPHD,CONC,OXXXX,,5,,,6,718,738,738,738,738,738,738,738,738,718,,,,,,,,,,
AKKC,HPHD,COND,XXXXX,,5,,,6,718,738,738,738,738,738,738,738,738,718,,,,,,,,,,
AKKC,HPHD,CONE,XX-X,,2,NEW,,0,718,738,738,753,755,718,,,,,,,,,,,,,,
AKKC,HPHD,CONE,XX-X,,2,OLD,,0,718,738,738,718,706,718,,,,,,,,,,,,,,
AKKC,HPHD,CONE,XX-X,,3,NEW,T,2,718,738,738,753,755,718,,,,,,,,,,,,,,
AKKC,HPHD,CONE,XX-X,,3,NEW,,2,718,738,738,753,755,718,,,,,,,,,,,,,,
AKKC,HPHD,CONE,XX-X,,3,OLD,T,2,718,738,738,718,706,718,,,,,,,,,,,,,,
AKKC,HPHD,CONE,XX-X,,3,OLD,,2,718,738,738,718,706,718,,,,,,,,,,,,,,
AKKC,HPHD,CONF,X-XX,,2,NEW,,0,718,755,753,738,738,718,,,,,,,,,,,,,,
AKKC,HPHD,CONF,X-XX,,2,OLD,,0,718,706,718,738,738,718,,,,,,,,,,,,,,
AKKC,HPHD,CONF,X-XX,,3,NEW,T,2,718,755,753,738,738,718,,,,,,,,,,,,,,
AKKC,HPHD,CONF,X-XX,,3,NEW,,2,718,755,753,738,738,718,,,,,,,,,,,,,,
AKKC,HPHD,CONF,X-XX,,3,OLD,T,2,718,706,718,738,738,718,,,,,,,,,,,,,,
AKKC,HPHD,CONF,X-XX,,3,OLD,,2,718,706,718,738,738,718,,,,,,,,,,,,,,
AKKC,HPHD,CONG,OX-O,,2,NEW,,0,718,738,738,753,755,718,,,,,,,,,,,,,,
AKKC,HPHD,CONG,OX-O,,2,OLD,,0,718,738,738,718,706,718,,,,,,,,,,,,,,
AKKC,HPHD,CONG,OX-O,,3,NEW,T,2,718,738,738,753,755,718,,,,,,,,,,,,,,
AKKC,HPHD,CONG,OX-O,,3,NEW,,2,718,738,738,753,755,718,,,,,,,,,,,,,,
AKKC,HPHD,CONG,OX-O,,3,OLD,T,2,718,738,738,718,706,718,,,,,,,,,,,,,,
AKKC,HPHD,CONG,OX-O,,3,OLD,,2,718,738,738,718,706,718,,,,,,,,,,,,,,
AKKC,HPHD,CONH,O-XO,,2,NEW,,0,718,755,753,738,738,718,,,,,,,,,,,,,,
AKKC,HPHD,CONH,O-XO,,2,OLD,,0,718,706,718,738,738,718,,,,,,,,,,,,,,
AKKC,HPHD,CONH,O-XO,,3,NEW,T,2,718,755,753,738,738,718,,,,,,,,,,,,,,
AKKC,HPHD,CONH,O-XO,,3,NEW,,2,718,755,753,738,738,718,,,,,,,,,,,,,,
AKKC,HPHD,CONH,O-XO,,3,OLD,T,2,718,706,718,738,738,718,,,,,,,,,,,,,,
AKKC,HPHD,CONH,O-XO,,3,OLD,,2,718,706,718,738,738,718,,,,,,,,,,,,,,
AKKC,HPHD,CONI,O-XX,,2,NEW,,0,718,755,753,738,738,718,,,,,,,,,,,,,,
AKKC,HPHD,CONI,O-XX,,2,OLD,,0,718,706,718,738,738,718,,,,,,,,,,,,,,
AKKC,HPHD,CONI,O-XX,,3,NEW,T,2,718,755,753,738,738,718,,,,,,,,,,,,,,
AKKC,HPHD,CONI,O-XX,,3,NEW,,2,718,755,753,738,738,718,,,,,,,,,,,,,,
AKKC,HPHD,CONI,O-XX,,3,OLD,T,2,718,706,718,738,738,718,,,,,,,,,,,,,,
AKKC,HPHD,CONI,O-XX,,3,OLD,,2,718,706,718,738,738,718,,,,,,,,,,,,,,
AKKC,HPHD,CONJ,XX-O,,2,NEW,,0,718,738,738,753,755,718,,,,,,,,,,,,,,
AKKC,HPHD,CONJ,XX-O,,2,OLD,,0,718,738,738,718,706,718,,,,,,,,,,,,,,
AKKC,HPHD,CONJ,XX-O,,3,NEW,T,2,718,738,738,753,755,718,,,,,,,,,,,,,,
AKKC,HPHD,CONJ,XX-O,,3,NEW,,2,718,738,738,753,755,718,,,,,,,,,,,,,,
AKKC,HPHD,CONJ,XX-O,,3,OLD,T,2,718,738,738,718,706,718,,,,,,,,,,,,,,
AKKC,HPHD,CONJ,XX-O,,3,OLD,,2,718,738,738,718,706,718,,,,,,,,,,,,,,
AKKC,HPHD,CONK,XX-XX,ARAA,2,NEW,,0,718,738,738,753,755,738,738,718,,,,,,,,,,,,
AKKC,HPHD,CONK,XX-XX,ARAA,2,OLD,,0,718,738,738,718,706,738,738,718,,,,,,,,,,,,
AKKC,HPHD,CONK,XX-XX,ARAA,3,NEW,T,2,718,738,738,753,755,738,738,718,,,,,,,,,,,,
AKKC,HPHD,CONK,XX-XX,ARAA,3,NEW,,2,718,738,738,753,755,738,738,718,,,,,,,,,,,,
AKKC,HPHD,CONK,XX-XX,ARAA,3,OLD,T,2,718,738,738,718,706,738,738,718,,,,,,,,,,,,
AKKC,HPHD,CONK,XX-XX,ARAA,3,OLD,,2,718,738,738,718,706,738,738,718,,,,,,,,,,,,
AKKC,HPHD,CONK,XX-XX,ARAA,4,NEW,T,4,718,738,738,753,755,738,738,718,,,,,,,,,,,,
AKKC,HPHD,CONK,XX-XX,ARAA,4,NEW,,4,718,738,738,753,755,738,738,718,,,,,,,,,,,,
AKKC,HPHD,CONK,XX-XX,ARAA,4,OLD,T,4,718,738,738,718,706,738,738,718,,,,,,,,,,,,
AKKC,HPHD,CONK,XX-XX,ARAA,4,OLD,,4,718,738,738,718,706,738,738,718,,,,,,,,,,,,
AKKC,HPHD,CONK,XX-XX,ARAB,2,NEW,,0,718,738,738,755,753,738,738,718,,,,,,,,,,,,
AKKC,HPHD,CONK,XX-XX,ARAB,2,OLD,,0,718,738,738,706,718,738,738,718,,,,,,,,,,,,
AKKC,HPHD,CONK,XX-XX,ARAB,3,NEW,T,2,718,738,738,755,753,738,738,718,,,,,,,,,,,,
AKKC,HPHD,CONK,XX-XX,ARAB,3,NEW,,2,718,738,738,755,753,738,738,718,,,,,,,,,,,,
AKKC,HPHD,CONK,XX-XX,ARAB,3,OLD,T,2,718,738,738,706,718,738,738,718,,,,,,,,,,,,
AKKC,HPHD,CONK,XX-XX,ARAB,3,OLD,,2,718,738,738,706,718,738,738,718,,,,,,,,,,,,
AKKC,HPHD,CONK,XX-XX,ARAB,4,NEW,T,4,718,738,738,755,753,738,738,718,,,,,,,,,,,,
AKKC,HPHD,CONK,XX-XX,ARAB,4,NEW,,4,718,738,738,755,753,738,738,718,,,,,,,,,,,,
AKKC,HPHD,CONK,XX-XX,ARAB,4,OLD,T,4,718,738,738,706,718,738,738,718,,,,,,,,,,,,
AKKC,HPHD,CONK,XX-XX,ARAB,4,OLD,,4,718,738,738,706,718,738,738,718,,,,,,,,,,,,
AKKC,HPHD,CONL,OX-XO,ARAA,2,NEW,,0,718,738,738,753,755,738,738,718,,,,,,,,,,,,
AKKC,HPHD,CONL,OX-XO,ARAA,2,OLD,,0,718,738,738,718,706,738,738,718,,,,,,,,,,,,
AKKC,HPHD,CONL,OX-XO,ARAA,3,NEW,T,2,718,738,738,753,755,738,738,718,,,,,,,,,,,,
AKKC,HPHD,CONL,OX-XO,ARAA,3,NEW,,2,718,738,738,753,755,738,738,718,,,,,,,,,,,,
AKKC,HPHD,CONL,OX-XO,ARAA,3,OLD,T,2,718,738,738,718,706,738,738,718,,,,,,,,,,,,
AKKC,HPHD,CONL,OX-XO,ARAA,3,OLD,,2,718,738,738,718,706,738,738,718,,,,,,,,,,,,
AKKC,HPHD,CONL,OX-XO,ARAA,4,NEW,T,4,718,738,738,753,755,738,738,718,,,,,,,,,,,,
AKKC,HPHD,CONL,OX-XO,ARAA,4,NEW,,4,718,738,738,753,755,738,738,718,,,,,,,,,,,,
AKKC,HPHD,CONL,OX-XO,ARAA,4,OLD,T,4,718,738,738,718,706,738,738,718,,,,,,,,,,,,
AKKC,HPHD,CONL,OX-XO,ARAA,4,OLD,,4,718,738,738,718,706,738,738,718,,,,,,,,,,,,
AKKC,HPHD,CONL,OX-XO,ARAB,2,NEW,,0,718,738,738,755,753,738,738,718,,,,,,,,,,,,
AKKC,HPHD,CONL,OX-XO,ARAB,2,OLD,,0,718,738,738,706,718,738,738,718,,,,,,,,,,,,
AKKC,HPHD,CONL,OX-XO,ARAB,3,NEW,T,2,718,738,738,755,753,738,738,718,,,,,,,,,,,,
AKKC,HPHD,CONL,OX-XO,ARAB,3,NEW,,2,718,738,738,755,753,738,738,718,,,,,,,,,,,,
AKKC,HPHD,CONL,OX-XO,ARAB,3,OLD,T,2,718,738,738,706,718,738,738,718,,,,,,,,,,,,
AKKC,HPHD,CONL,OX-XO,ARAB,3,OLD,,2,718,738,738,706,718,738,738,718,,,,,,,,,,,,
AKKC,HPHD,CONL,OX-XO,ARAB,4,NEW,T,4,718,738,738,755,753,738,738,718,,,,,,,,,,,,
AKKC,HPHD,CONL,OX-XO,ARAB,4,NEW,,4,718,738,738,755,753,738,738,718,,,,,,,,,,,,
AKKC,HPHD,CONL,OX-XO,ARAB,4,OLD,T,4,718,738,738,706,718,738,738,718,,,,,,,,,,,,
AKKC,HPHD,CONL,OX-XO,ARAB,4,OLD,,4,718,738,738,706,718,738,738,718,,,,,,,,,,,,
AKKC,HPHD,CONM,OX-XX,ARAA,2,NEW,,0,718,738,738,753,755,738,738,718,,,,,,,,,,,,
AKKC,HPHD,CONM,OX-XX,ARAA,2,OLD,,0,718,738,738,718,706,738,738,718,,,,,,,,,,,,
AKKC,HPHD,CONM,OX-XX,ARAA,3,NEW,T,2,718,738,738,753,755,738,738,718,,,,,,,,,,,,
AKKC,HPHD,CONM,OX-XX,ARAA,3,NEW,,2,718,738,738,753,755,738,738,718,,,,,,,,,,,,
AKKC,HPHD,CONM,OX-XX,ARAA,3,OLD,T,2,718,738,738,718,706,738,738,718,,,,,,,,,,,,
AKKC,HPHD,CONM,OX-XX,ARAA,3,OLD,,2,718,738,738,718,706,738,738,718,,,,,,,,,,,,
AKKC,HPHD,CONM,OX-XX,ARAA,4,NEW,T,4,718,738,738,753,755,738,738,718,,,,,,,,,,,,
AKKC,HPHD,CONM,OX-XX,ARAA,4,NEW,,4,718,738,738,753,755,738,738,718,,,,,,,,,,,,
AKKC,HPHD,CONM,OX-XX,ARAA,4,OLD,T,4,718,738,738,718,706,738,738,718,,,,,,,,,,,,
AKKC,HPHD,CONM,OX-XX,ARAA,4,OLD,,4,718,738,738,718,706,738,738,718,,,,,,,,,,,,
AKKC,HPHD,CONM,OX-XX,ARAB,2,NEW,,0,718,738,738,755,753,738,738,718,,,,,,,,,,,,
AKKC,HPHD,CONM,OX-XX,ARAB,2,OLD,,0,718,738,738,706,718,738,738,718,,,,,,,,,,,,
AKKC,HPHD,CONM,OX-XX,ARAB,3,NEW,T,2,718,738,738,755,753,738,738,718,,,,,,,,,,,,
AKKC,HPHD,CONM,OX-XX,ARAB,3,NEW,,2,718,738,738,755,753,738,738,718,,,,,,,,,,,,
AKKC,HPHD,CONM,OX-XX,ARAB,3,OLD,T,2,718,738,738,706,718,738,738,718,,,,,,,,,,,,
AKKC,HPHD,CONM,OX-XX,ARAB,3,OLD,,2,718,738,738,706,718,738,738,718,,,,,,,,,,,,
AKKC,HPHD,CONM,OX-XX,ARAB,4,NEW,T,4,718,738,738,755,753,738,738,718,,,,,,,,,,,,
AKKC,HPHD,CONM,OX-XX,ARAB,4,NEW,,4,718,738,738,755,753,738,738,718,,,,,,,,,,,,
AKKC,HPHD,CONM,OX-XX,ARAB,4,OLD,T,4,718,738,738,706,718,738,738,718,,,,,,,,,,,,
AKKC,HPHD,CONM,OX-XX,ARAB,4,OLD,,4,718,738,738,706,718,738,738,718,,,,,,,,,,,,
AKKC,HPHD,CONN,XX-XO,ARAA,2,NEW,,0,718,738,738,753,755,738,738,718,,,,,,,,,,,,
AKKC,HPHD,CONN,XX-XO,ARAA,2,OLD,,0,718,738,738,718,706,738,738,718,,,,,,,,,,,,
AKKC,HPHD,CONN,XX-XO,ARAA,3,NEW,T,2,718,738,738,753,755,738,738,718,,,,,,,,,,,,
AKKC,HPHD,CONN,XX-XO,ARAA,3,NEW,,2,718,738,738,753,755,738,738,718,,,,,,,,,,,,
AKKC,HPHD,CONN,XX-XO,ARAA,3,OLD,T,2,718,738,738,718,706,738,738,718,,,,,,,,,,,,
AKKC,HPHD,CONN,XX-XO,ARAA,3,OLD,,2,718,738,738,718,706,738,738,718,,,,,,,,,,,,
AKKC,HPHD,CONN,XX-XO,ARAA,4,NEW,T,4,718,738,738,753,755,738,738,718,,,,,,,,,,,,
AKKC,HPHD,CONN,XX-XO,ARAA,4,NEW,,4,718,738,738,753,755,738,738,718,,,,,,,,,,,,
AKKC,HPHD,CONN,XX-XO,ARAA,4,OLD,T,4,718,738,738,718,706,738,738,718,,,,,,,,,,,,
AKKC,HPHD,CONN,XX-XO,ARAA,4,OLD,,4,718,738,738,718,706,738,738,718,,,,,,,,,,,,
AKKC,HPHD,CONN,XX-XO,ARAB,2,NEW,,0,718,738,738,755,753,738,738,718,,,,,,,,,,,,
AKKC,HPHD,CONN,XX-XO,ARAB,2,OLD,,0,718,738,738,706,718,738,738,718,,,,,,,,,,,,
AKKC,HPHD,CONN,XX-XO,ARAB,3,NEW,T,2,718,738,738,755,753,738,738,718,,,,,,,,,,,,
AKKC,HPHD,CONN,XX-XO,ARAB,3,NEW,,2,718,738,738,755,753,738,738,718,,,,,,,,,,,,
AKKC,HPHD,CONN,XX-XO,ARAB,3,OLD,T,2,718,738,738,706,718,738,738,718,,,,,,,,,,,,
AKKC,HPHD,CONN,XX-XO,ARAB,3,OLD,,2,718,738,738,706,718,738,738,718,,,,,,,,,,,,
AKKC,HPHD,CONN,XX-XO,ARAB,4,NEW,T,4,718,738,738,755,753,738,738,718,,,,,,,,,,,,
AKKC,HPHD,CONN,XX-XO,ARAB,4,NEW,,4,718,738,738,755,753,738,738,718,,,,,,,,,,,,
AKKC,HPHD,CONN,XX-XO,ARAB,4,OLD,T,4,718,738,738,706,718,738,738,718,,,,,,,,,,,,
AKKC,HPHD,CONN,XX-XO,ARAB,4,OLD,,4,718,738,738,706,718,738,738,718,,,,,,,,,,,,
AKKC,HPHD,CONO,OXX-XO,,3,,,2,718,738,738,738,738,718,706,738,738,718,,,,,,,,,,
AKKC,HPHD,CONP,OX-XXO,,3,,,2,718,738,738,706,718,738,738,738,738,718,,,,,,,,,,
AKKC,HPHD,CONQ,XXX-XX,,3,,,2,718,738,738,738,738,718,706,738,738,718,,,,,,,,,,
AKKC,HPHD,CONR,XX-XXX,,3,,,2,718,738,738,706,718,738,738,738,738,718,,,,,,,,,,
AKKC,HPHD,CONS,OX-XXX,,3,,,2,718,738,738,706,718,738,738,738,738,718,,,,,,,,,,
AKKC,HPHD,CONT,XXX-XO,,3,,,2,718,738,738,738,738,718,706,738,738,718,,,,,,,,,,
AKKC,HPHD,CONU,OXX-XXO,ARAA,3,NEW,,2,718,738,738,738,738,753,755,738,738,738,738,718,,,,,,,,
AKKC,HPHD,CONU,OXX-XXO,ARAA,3,OLD,,2,718,738,738,738,738,718,706,738,738,738,738,718,,,,,,,,
AKKC,HPHD,CONU,OXX-XXO,ARAA,4,NEW,T,4,718,738,738,738,738,753,755,738,738,738,738,718,,,,,,,,
AKKC,HPHD,CONU,OXX-XXO,ARAA,4,NEW,,4,718,738,738,738,738,753,755,738,738,738,738,718,,,,,,,,
AKKC,HPHD,CONU,OXX-XXO,ARAA,4,OLD,T,4,718,738,738,738,738,718,706,738,738,738,738,718,,,,,,,,
AKKC,HPHD,CONU,OXX-XXO,ARAA,4,OLD,,4,718,738,738,738,738,718,706,738,738,738,738,718,,,,,,,,
AKKC,HPHD,CONU,OXX-XXO,ARAA,5,NEW,T,6,718,738,738,738,738,753,755,738,738,738,738,718,,,,,,,,
AKKC,HPHD,CONU,OXX-XXO,ARAA,5,NEW,,6,718,738,738,738,738,753,755,738,738,738,738,718,,,,,,,,
AKKC,HPHD,CONU,OXX-XXO,ARAA,5,OLD,T,6,718,738,738,738,738,718,706,738,738,738,738,718,,,,,,,,
AKKC,HPHD,CONU,OXX-XXO,ARAA,5,OLD,,6,718,738,738,738,738,718,706,738,738,738,738,718,,,,,,,,
AKKC,HPHD,CONU,OXX-XXO,ARAB,3,NEW,,2,718,738,738,738,738,755,753,738,738,738,738,718,,,,,,,,
AKKC,HPHD,CONU,OXX-XXO,ARAB,3,OLD,,2,718,738,738,738,738,706,718,738,738,738,738,718,,,,,,,,
AKKC,HPHD,CONU,OXX-XXO,ARAB,4,NEW,T,4,718,738,738,738,738,755,753,738,738,738,738,718,,,,,,,,
AKKC,HPHD,CONU,OXX-XXO,ARAB,4,NEW,,4,718,738,738,738,738,755,753,738,738,738,738,718,,,,,,,,
AKKC,HPHD,CONU,OXX-XXO,ARAB,4,OLD,T,4,718,738,738,738,738,706,718,738,738,738,738,718,,,,,,,,
AKKC,HPHD,CONU,OXX-XXO,ARAB,4,OLD,,4,718,738,738,738,738,706,718,738,738,738,738,718,,,,,,,,
AKKC,HPHD,CONU,OXX-XXO,ARAB,5,NEW,T,6,718,738,738,738,738,755,753,738,738,738,738,718,,,,,,,,
AKKC,HPHD,CONU,OXX-XXO,ARAB,5,NEW,,6,718,738,738,738,738,755,753,738,738,738,738,718,,,,,,,,
AKKC,HPHD,CONU,OXX-XXO,ARAB,5,OLD,T,6,718,738,738,738,738,706,718,738,738,738,738,718,,,,,,,,
AKKC,HPHD,CONU,OXX-XXO,ARAB,5,OLD,,6,718,738,738,738,738,706,718,738,738,738,738,718,,,,,,,,
AKKC,HPHD,CONV,XXX-XXX,ARAA,3,NEW,,2,718,738,738,738,738,753,755,738,738,738,738,718,,,,,,,,
AKKC,HPHD,CONV,XXX-XXX,ARAA,3,OLD,,2,718,738,738,738,738,718,706,738,738,738,738,718,,,,,,,,
AKKC,HPHD,CONV,XXX-XXX,ARAA,4,NEW,T,4,718,738,738,738,738,753,755,738,738,738,738,718,,,,,,,,
AKKC,HPHD,CONV,XXX-XXX,ARAA,4,NEW,,4,718,738,738,738,738,753,755,738,738,738,738,718,,,,,,,,
AKKC,HPHD,CONV,XXX-XXX,ARAA,4,OLD,T,4,718,738,738,738,738,718,706,738,738,738,738,718,,,,,,,,
AKKC,HPHD,CONV,XXX-XXX,ARAA,4,OLD,,4,718,738,738,738,738,718,706,738,738,738,738,718,,,,,,,,
AKKC,HPHD,CONV,XXX-XXX,ARAA,5,NEW,T,6,718,738,738,738,738,753,755,738,738,738,738,718,,,,,,,,
AKKC,HPHD,CONV,XXX-XXX,ARAA,5,NEW,,6,718,738,738,738,738,753,755,738,738,738,738,718,,,,,,,,
AKKC,HPHD,CONV,XXX-XXX,ARAA,5,OLD,T,6,718,738,738,738,738,718,706,738,738,738,738,718,,,,,,,,
AKKC,HPHD,CONV,XXX-XXX,ARAA,5,OLD,,6,718,738,738,738,738,718,706,738,738,738,738,718,,,,,,,,
AKKC,HPHD,CONV,XXX-XXX,ARAB,3,NEW,,2,718,738,738,738,738,755,753,738,738,738,738,718,,,,,,,,
AKKC,HPHD,CONV,XXX-XXX,ARAB,3,OLD,,2,718,738,738,738,738,706,718,738,738,738,738,718,,,,,,,,
AKKC,HPHD,CONV,XXX-XXX,ARAB,4,NEW,T,4,718,738,738,738,738,755,753,738,738,738,738,718,,,,,,,,
AKKC,HPHD,CONV,XXX-XXX,ARAB,4,NEW,,4,718,738,738,738,738,755,753,738,738,738,738,718,,,,,,,,
AKKC,HPHD,CONV,XXX-XXX,ARAB,4,OLD,T,4,718,738,738,738,738,706,718,738,738,738,738,718,,,,,,,,
AKKC,HPHD,CONV,XXX-XXX,ARAB,4,OLD,,4,718,738,738,738,738,706,718,738,738,738,738,718,,,,,,,,
AKKC,HPHD,CONV,XXX-XXX,ARAB,5,NEW,T,6,718,738,738,738,738,755,753,738,738,738,738,718,,,,,,,,
AKKC,HPHD,CONV,XXX-XXX,ARAB,5,NEW,,6,718,738,738,738,738,755,753,738,738,738,738,718,,,,,,,,
AKKC,HPHD,CONV,XXX-XXX,ARAB,5,OLD,T,6,718,738,738,738,738,706,718,738,738,738,738,718,,,,,,,,
AKKC,HPHD,CONV,XXX-XXX,ARAB,5,OLD,,6,718,738,738,738,738,706,718,738,738,738,738,718,,,,,,,,
AKKC,HPHD,CONW,OXXX-XXXO,ARAA,4,,,4,718,738,738,738,738,738,738,718,706,738,738,738,738,738,738,718,,,,
AKKC,HPHD,CONW,OXXX-XXXO,ARAA,5,,T,6,718,738,738,738,738,738,738,718,706,738,738,738,738,738,738,718,,,,
AKKC,HPHD,CONW,OXXX-XXXO,ARAA,5,,,6,718,738,738,738,738,738,738,718,706,738,738,738,738,738,738,718,,,,
AKKC,HPHD,CONW,OXXX-XXXO,ARAB,4,,,4,718,738,738,738,738,738,738,706,718,738,738,738,738,738,738,718,,,,
AKKC,HPHD,CONW,OXXX-XXXO,ARAB,5,,T,6,718,738,738,738,738,738,738,706,718,738,738,738,738,738,738,718,,,,
AKKC,HPHD,CONW,OXXX-XXXO,ARAB,5,,,6,718,738,738,738,738,738,738,706,718,738,738,738,738,738,738,718,,,,
AKKC,HPHD,CONX,XXXX-XXXX,ARAA,4,,,4,718,738,738,738,738,738,738,718,706,738,738,738,738,738,738,718,,,,
AKKC,HPHD,CONX,XXXX-XXXX,ARAA,5,,T,6,718,738,738,738,738,738,738,718,706,738,738,738,738,738,738,718,,,,
AKKC,HPHD,CONX,XXXX-XXXX,ARAA,5,,,6,718,738,738,738,738,738,738,718,706,738,738,738,738,738,738,718,,,,
AKKC,HPHD,CONX,XXXX-XXXX,ARAB,4,,,4,718,738,738,738,738,738,738,706,718,738,738,738,738,738,738,718,,,,
AKKC,HPHD,CONX,XXXX-XXXX,ARAB,5,,T,6,718,738,738,738,738,738,738,706,718,738,738,738,738,738,738,718,,,,
AKKC,HPHD,CONX,XXXX-XXXX,ARAB,5,,,6,718,738,738,738,738,738,738,706,718,738,738,738,738,738,738,718,,,,
AKKC,HPHD,CONY,OXXXX-XXXXO,ARAA,5,,,6,718,738,738,738,738,738,738,738,738,718,706,738,738,738,738,738,738,738,738,718
AKKC,HPHD,CONY,OXXXX-XXXXO,ARAB,5,,,6,718,738,738,738,738,738,738,738,738,706,718,738,738,738,738,738,738,738,738,718
AKKC,STAN,CON1,XO,,2,,,0,718,738,737,718,,,,,,,,,,,,,,,,
AKKC,STAN,CON1,XO,,3,,T,1,718,738,737,718,,,,,,,,,,,,,,,,
AKKC,STAN,CON1,XO,,3,,,2,718,738,737,718,,,,,,,,,,,,,,,,
AKKC,STAN,CON1,XO,,4,,T,3,718,737,738,718,,,,,,,,,,,,,,,,
AKKC,STAN,CON1,XO,,4,,,4,718,737,738,718,,,,,,,,,,,,,,,,
AKKC,STAN,CON2,OX,,2,,,0,718,737,738,718,,,,,,,,,,,,,,,,
AKKC,STAN,CON2,OX,,3,,T,1,718,737,738,718,,,,,,,,,,,,,,,,
AKKC,STAN,CON2,OX,,3,,,2,718,737,738,718,,,,,,,,,,,,,,,,
AKKC,STAN,CON2,OX,,4,,T,3,718,738,737,718,,,,,,,,,,,,,,,,
AKKC,STAN,CON2,OX,,4,,,4,718,738,737,718,,,,,,,,,,,,,,,,
AKKC,STAN,CON3,XX,ARAA,2,,,0,718,738,737,718,,,,,,,,,,,,,,,,
AKKC,STAN,CON3,XX,ARAA,3,,T,1,718,738,737,718,,,,,,,,,,,,,,,,
AKKC,STAN,CON3,XX,ARAA,3,,,2,718,738,737,718,,,,,,,,,,,,,,,,
AKKC,STAN,CON3,XX,ARAA,4,,T,3,718,737,738,718,,,,,,,,,,,,,,,,
AKKC,STAN,CON3,XX,ARAA,4,,,4,718,737,738,718,,,,,,,,,,,,,,,,
AKKC,STAN,CON3,XX,ARAB,2,,,0,718,737,738,718,,,,,,,,,,,,,,,,
AKKC,STAN,CON3,XX,ARAB,3,,T,1,718,737,738,718,,,,,,,,,,,,,,,,
AKKC,STAN,CON3,XX,ARAB,3,,,2,718,737,738,718,,,,,,,,,,,,,,,,
AKKC,STAN,CON3,XX,ARAB,4,,T,3,718,738,737,718,,,,,,,,,,,,,,,,
AKKC,STAN,CON3,XX,ARAB,4,,,4,718,738,737,718,,,,,,,,,,,,,,,,
AKKC,STAN,CON4,XXO,,3,,,2,718,737,738,738,737,718,,,,,,,,,,,,,,
AKKC,STAN,CON4,XXO,,4,,T,3,718,737,738,738,737,718,,,,,,,,,,,,,,
AKKC,STAN,CON4,XXO,,4,,,4,718,737,738,738,737,718,,,,,,,,,,,,,,
AKKC,STAN,CON4,XXO,,5,,T,5,718,737,738,738,737,718,,,,,,,,,,,,,,
AKKC,STAN,CON4,XXO,,5,,,6,718,737,738,738,737,718,,,,,,,,,,,,,,
AKKC,STAN,CON5,OXX,,3,,,2,718,737,738,738,737,718,,,,,,,,,,,,,,
AKKC,STAN,CON5,OXX,,4,,T,3,718,737,738,738,737,718,,,,,,,,,,,,,,
AKKC,STAN,CON5,OXX,,4,,,4,718,737,738,738,737,718,,,,,,,,,,,,,,
AKKC,STAN,CON5,OXX,,5,,T,5,718,737,738,738,737,718,,,,,,,,,,,,,,
AKKC,STAN,CON5,OXX,,5,,,6,718,737,738,738,737,718,,,,,,,,,,,,,,
AKKC,STAN,CON6,XXX,,3,,,2,718,737,738,738,737,718,,,,,,,,,,,,,,
AKKC,STAN,CON6,XXX,,4,,T,3,718,737,738,738,737,718,,,,,,,,,,,,,,
AKKC,STAN,CON6,XXX,,4,,,4,718,737,738,738,737,718,,,,,,,,,,,,,,
AKKC,STAN,CON6,XXX,,5,,T,5,718,737,738,738,737,718,,,,,,,,,,,,,,
AKKC,STAN,CON6,XXX,,5,,,6,718,737,738,738,737,718,,,,,,,,,,,,,,
AKKC,STAN,CON7,XOX,,2,,,0,718,738,737,737,738,718,,,,,,,,,,,,,,
AKKC,STAN,CON7,XOX,,3,,T,0,718,738,737,737,738,718,,,,,,,,,,,,,,
AKKC,STAN,CON7,XOX,,3,,,2,718,738,737,737,738,718,,,,,,,,,,,,,,
AKKC,STAN,CON8,XXXO,,4,,,4,718,737,738,738,738,738,737,718,,,,,,,,,,,,
AKKC,STAN,CON8,XXXO,,5,,T,5,718,737,738,738,738,738,737,718,,,,,,,,,,,,
AKKC,STAN,CON8,XXXO,,5,,,6,718,737,738,738,738,738,737,718,,,,,,,,,,,,
AKKC,STAN,CON9,OXXX,,4,,,4,718,737,738,738,738,738,737,718,,,,,,,,,,,,
AKKC,STAN,CON9,OXXX,,5,,T,5,718,737,738,738,738,738,737,718,,,,,,,,,,,,
AKKC,STAN,CON9,OXXX,,5,,,6,718,737,738,738,738,738,737,718,,,,,,,,,,,,
AKKC,STAN,CONA,XXXX,,4,,,4,718,737,738,738,738,738,737,718,,,,,,,,,,,,
AKKC,STAN,CONA,XXXX,,5,,T,5,718,737,738,738,738,738,737,718,,,,,,,,,,,,
AKKC,STAN,CONA,XXXX,,5,,,6,718,737,738,738,738,738,737,718,,,,,,,,,,,,
AKKC,STAN,CONB,XXXXO,,5,,,6,718,737,738,738,738,738,738,738,737,718,,,,,,,,,,
AKKC,STAN,CONC,OXXXX,,5,,,6,718,737,738,738,738,738,738,738,737,718,,,,,,,,,,
AKKC,STAN,COND,XXXXX,,5,,,6,718,737,738,738,738,738,738,738,737,718,,,,,,,,,,
AKKC,STAN,CONE,XX-X,,2,NEW,,0,718,737,738,753,755,718,,,,,,,,,,,,,,
AKKC,STAN,CONE,XX-X,,2,OLD,,0,718,737,738,718,706,718,,,,,,,,,,,,,,
AKKC,STAN,CONE,XX-X,,3,NEW,T,2,718,737,738,753,755,718,,,,,,,,,,,,,,
AKKC,STAN,CONE,XX-X,,3,NEW,,2,718,737,738,753,755,718,,,,,,,,,,,,,,
AKKC,STAN,CONE,XX-X,,3,OLD,T,2,718,737,738,718,706,718,,,,,,,,,,,,,,
AKKC,STAN,CONE,XX-X,,3,OLD,,2,718,737,738,718,706,718,,,,,,,,,,,,,,
AKKC,STAN,CONF,X-XX,,2,NEW,,0,718,755,753,738,737,718,,,,,,,,,,,,,,
AKKC,STAN,CONF,X-XX,,2,OLD,,0,718,706,718,738,737,718,,,,,,,,,,,,,,
AKKC,STAN,CONF,X-XX,,3,NEW,T,2,718,755,753,738,737,718,,,,,,,,,,,,,,
AKKC,STAN,CONF,X-XX,,3,NEW,,2,718,755,753,738,737,718,,,,,,,,,,,,,,
AKKC,STAN,CONF,X-XX,,3,OLD,T,2,718,706,718,738,737,718,,,,,,,,,,,,,,
AKKC,STAN,CONF,X-XX,,3,OLD,,2,718,706,718,738,737,718,,,,,,,,,,,,,,
AKKC,STAN,CONG,OX-O,,2,NEW,,0,718,737,738,753,755,718,,,,,,,,,,,,,,
AKKC,STAN,CONG,OX-O,,2,OLD,,0,718,737,738,718,706,718,,,,,,,,,,,,,,
AKKC,STAN,CONG,OX-O,,3,NEW,T,2,718,737,738,753,755,718,,,,,,,,,,,,,,
AKKC,STAN,CONG,OX-O,,3,NEW,,2,718,737,738,753,755,718,,,,,,,,,,,,,,
AKKC,STAN,CONG,OX-O,,3,OLD,T,2,718,737,738,718,706,718,,,,,,,,,,,,,,
AKKC,STAN,CONG,OX-O,,3,OLD,,2,718,737,738,718,706,718,,,,,,,,,,,,,,
AKKC,STAN,CONH,O-XO,,2,NEW,,0,718,755,753,738,737,718,,,,,,,,,,,,,,
AKKC,STAN,CONH,O-XO,,2,OLD,,0,718,706,718,738,737,718,,,,,,,,,,,,,,
AKKC,STAN,CONH,O-XO,,3,NEW,T,2,718,755,753,738,737,718,,,,,,,,,,,,,,
AKKC,STAN,CONH,O-XO,,3,NEW,,2,718,755,753,738,737,718,,,,,,,,,,,,,,
AKKC,STAN,CONH,O-XO,,3,OLD,T,2,718,706,718,738,737,718,,,,,,,,,,,,,,
AKKC,STAN,CONH,O-XO,,3,OLD,,2,718,706,718,738,737,718,,,,,,,,,,,,,,
AKKC,STAN,CONI,O-XX,,2,NEW,,0,718,755,753,738,737,718,,,,,,,,,,,,,,
AKKC,STAN,CONI,O-XX,,2,OLD,,0,718,706,718,738,737,718,,,,,,,,,,,,,,
AKKC,STAN,CONI,O-XX,,3,NEW,T,2,718,755,753,738,737,718,,,,,,,,,,,,,,
AKKC,STAN,CONI,O-XX,,3,NEW,,2,718,755,753,738,737,718,,,,,,,,,,,,,,
AKKC,STAN,CONI,O-XX,,3,OLD,T,2,718,706,718,738,737,718,,,,,,,,,,,,,,
AKKC,STAN,CONI,O-XX,,3,OLD,,2,718,706,718,738,737,718,,,,,,,,,,,,,,
AKKC,STAN,CONJ,XX-O,,2,NEW,,0,718,737,738,753,755,718,,,,,,,,,,,,,,
AKKC,STAN,CONJ,XX-O,,2,OLD,,0,718,737,738,718,706,718,,,,,,,,,,,,,,
AKKC,STAN,CONJ,XX-O,,3,NEW,T,2,718,737,738,753,755,718,,,,,,,,,,,,,,
AKKC,STAN,CONJ,XX-O,,3,NEW,,2,718,737,738,753,755,718,,,,,,,,,,,,,,
AKKC,STAN,CONJ,XX-O,,3,OLD,T,2,718,737,738,718,706,718,,,,,,,,,,,,,,
AKKC,STAN,CONJ,XX-O,,3,OLD,,2,718,737,738,718,706,718,,,,,,,,,,,,,,
AKKC,STAN,CONK,XX-XX,ARAA,2,NEW,,0,718,737,738,753,755,738,737,718,,,,,,,,,,,,
AKKC,STAN,CONK,XX-XX,ARAA,2,OLD,,0,718,737,738,718,706,738,737,718,,,,,,,,,,,,
AKKC,STAN,CONK,XX-XX,ARAA,3,NEW,T,2,718,737,738,753,755,738,737,718,,,,,,,,,,,,
AKKC,STAN,CONK,XX-XX,ARAA,3,NEW,,2,718,737,738,753,755,738,737,718,,,,,,,,,,,,
AKKC,STAN,CONK,XX-XX,ARAA,3,OLD,T,2,718,737,738,718,706,738,737,718,,,,,,,,,,,,
AKKC,STAN,CONK,XX-XX,ARAA,3,OLD,,2,718,737,738,718,706,738,737,718,,,,,,,,,,,,
AKKC,STAN,CONK,XX-XX,ARAA,4,NEW,T,4,718,737,738,753,755,738,737,718,,,,,,,,,,,,
AKKC,STAN,CONK,XX-XX,ARAA,4,NEW,,4,718,737,738,753,755,738,737,718,,,,,,,,,,,,
AKKC,STAN,CONK,XX-XX,ARAA,4,OLD,T,4,718,737,738,718,706,738,737,718,,,,,,,,,,,,
AKKC,STAN,CONK,XX-XX,ARAA,4,OLD,,4,718,737,738,718,706,738,737,718,,,,,,,,,,,,
AKKC,STAN,CONK,XX-XX,ARAB,2,NEW,,0,718,737,738,755,753,738,737,718,,,,,,,,,,,,
AKKC,STAN,CONK,XX-XX,ARAB,2,OLD,,0,718,737,738,706,718,738,737,718,,,,,,,,,,,,
AKKC,STAN,CONK,XX-XX,ARAB,3,NEW,T,2,718,737,738,755,753,738,737,718,,,,,,,,,,,,
AKKC,STAN,CONK,XX-XX,ARAB,3,NEW,,2,718,737,738,755,753,738,737,718,,,,,,,,,,,,
AKKC,STAN,CONK,XX-XX,ARAB,3,OLD,T,2,718,737,738,706,718,738,737,718,,,,,,,,,,,,
AKKC,STAN,CONK,XX-XX,ARAB,3,OLD,,2,718,737,738,706,718,738,737,718,,,,,,,,,,,,
AKKC,STAN,CONK,XX-XX,ARAB,4,NEW,T,4,718,737,738,755,753,738,737,718,,,,,,,,,,,,
AKKC,STAN,CONK,XX-XX,ARAB,4,NEW,,4,718,737,738,755,753,738,737,718,,,,,,,,,,,,
AKKC,STAN,CONK,XX-XX,ARAB,4,OLD,T,4,718,737,738,706,718,738,737,718,,,,,,,,,,,,
AKKC,STAN,CONK,XX-XX,ARAB,4,OLD,,4,718,737,738,706,718,738,737,718,,,,,,,,,,,,
AKKC,STAN,CONL,OX-XO,ARAA,2,NEW,,0,718,737,738,753,755,738,737,718,,,,,,,,,,,,
AKKC,STAN,CONL,OX-XO,ARAA,2,OLD,,0,718,737,738,718,706,738,737,718,,,,,,,,,,,,
AKKC,STAN,CONL,OX-XO,ARAA,3,NEW,T,2,718,737,738,753,755,738,737,718,,,,,,,,,,,,
AKKC,STAN,CONL,OX-XO,ARAA,3,NEW,,2,718,737,738,753,755,738,737,718,,,,,,,,,,,,
AKKC,STAN,CONL,OX-XO,ARAA,3,OLD,T,2,718,737,738,718,706,738,737,718,,,,,,,,,,,,
AKKC,STAN,CONL,OX-XO,ARAA,3,OLD,,2,718,737,738,718,706,738,737,718,,,,,,,,,,,,
AKKC,STAN,CONL,OX-XO,ARAA,4,NEW,T,4,718,737,738,753,755,738,737,718,,,,,,,,,,,,
AKKC,STAN,CONL,OX-XO,ARAA,4,NEW,,4,718,737,738,753,755,738,737,718,,,,,,,,,,,,
AKKC,STAN,CONL,OX-XO,ARAA,4,OLD,T,4,718,737,738,718,706,738,737,718,,,,,,,,,,,,
AKKC,STAN,CONL,OX-XO,ARAA,4,OLD,,4,718,737,738,718,706,738,737,718,,,,,,,,,,,,
AKKC,STAN,CONL,OX-XO,ARAB,2,NEW,,0,718,737,738,755,753,738,737,718,,,,,,,,,,,,
AKKC,STAN,CONL,OX-XO,ARAB,2,OLD,,0,718,737,738,706,718,738,737,718,,,,,,,,,,,,
AKKC,STAN,CONL,OX-XO,ARAB,3,NEW,T,2,718,737,738,755,753,738,737,718,,,,,,,,,,,,
AKKC,STAN,CONL,OX-XO,ARAB,3,NEW,,2,718,737,738,755,753,738,737,718,,,,,,,,,,,,
AKKC,STAN,CONL,OX-XO,ARAB,3,OLD,T,2,718,737,738,706,718,738,737,718,,,,,,,,,,,,
AKKC,STAN,CONL,OX-XO,ARAB,3,OLD,,2,718,737,738,706,718,738,737,718,,,,,,,,,,,,
AKKC,STAN,CONL,OX-XO,ARAB,4,NEW,T,4,718,737,738,755,753,738,737,718,,,,,,,,,,,,
AKKC,STAN,CONL,OX-XO,ARAB,4,NEW,,4,718,737,738,755,753,738,737,718,,,,,,,,,,,,
AKKC,STAN,CONL,OX-XO,ARAB,4,OLD,T,4,718,737,738,706,718,738,737,718,,,,,,,,,,,,
AKKC,STAN,CONL,OX-XO,ARAB,4,OLD,,4,718,737,738,706,718,738,737,718,,,,,,,,,,,,
AKKC,STAN,CONM,OX-XX,ARAA,2,NEW,,0,718,737,738,753,755,738,737,718,,,,,,,,,,,,
AKKC,STAN,CONM,OX-XX,ARAA,2,OLD,,0,718,737,738,718,706,738,737,718,,,,,,,,,,,,
AKKC,STAN,CONM,OX-XX,ARAA,3,NEW,T,2,718,737,738,753,755,738,737,718,,,,,,,,,,,,
AKKC,STAN,CONM,OX-XX,ARAA,3,NEW,,2,718,737,738,753,755,738,737,718,,,,,,,,,,,,
AKKC,STAN,CONM,OX-XX,ARAA,3,OLD,T,2,718,737,738,718,706,738,737,718,,,,,,,,,,,,
AKKC,STAN,CONM,OX-XX,ARAA,3,OLD,,2,718,737,738,718,706,738,737,718,,,,,,,,,,,,
AKKC,STAN,CONM,OX-XX,ARAA,4,NEW,T,4,718,737,738,753,755,738,737,718,,,,,,,,,,,,
AKKC,STAN,CONM,OX-XX,ARAA,4,NEW,,4,718,737,738,753,755,738,737,718,,,,,,,,,,,,
AKKC,STAN,CONM,OX-XX,ARAA,4,OLD,T,4,718,737,738,718,706,738,737,718,,,,,,,,,,,,
AKKC,STAN,CONM,OX-XX,ARAA,4,OLD,,4,718,737,738,718,706,738,737,718,,,,,,,,,,,,
AKKC,STAN,CONM,OX-XX,ARAB,2,NEW,,0,718,737,738,755,753,738,737,718,,,,,,,,,,,,
AKKC,STAN,CONM,OX-XX,ARAB,2,OLD,,0,718,737,738,706,718,738,737,718,,,,,,,,,,,,
AKKC,STAN,CONM,OX-XX,ARAB,3,NEW,T,2,718,737,738,755,753,738,737,718,,,,,,,,,,,,
AKKC,STAN,CONM,OX-XX,ARAB,3,NEW,,2,718,737,738,755,753,738,737,718,,,,,,,,,,,,
AKKC,STAN,CONM,OX-XX,ARAB,3,OLD,T,2,718,737,738,706,718,738,737,718,,,,,,,,,,,,
AKKC,STAN,CONM,OX-XX,ARAB,3,OLD,,2,718,737,738,706,718,738,737,718,,,,,,,,,,,,
AKKC,STAN,CONM,OX-XX,ARAB,4,NEW,T,4,718,737,738,755,753,738,737,718,,,,,,,,,,,,
AKKC,STAN,CONM,OX-XX,ARAB,4,NEW,,4,718,737,738,755,753,738,737,718,,,,,,,,,,,,
AKKC,STAN,CONM,OX-XX,ARAB,4,OLD,T,4,718,737,738,706,718,738,737,718,,,,,,,,,,,,
AKKC,STAN,CONM,OX-XX,ARAB,4,OLD,,4,718,737,738,706,718,738,737,718,,,,,,,,,,,,
AKKC,STAN,CONN,XX-XO,ARAA,2,NEW,,0,718,737,738,753,755,738,737,718,,,,,,,,,,,,
AKKC,STAN,CONN,XX-XO,ARAA,2,OLD,,0,718,737,738,718,706,738,737,718,,,,,,,,,,,,
AKKC,STAN,CONN,XX-XO,ARAA,3,NEW,T,2,718,737,738,753,755,738,737,718,,,,,,,,,,,,
AKKC,STAN,CONN,XX-XO,ARAA,3,NEW,,2,718,737,738,753,755,738,737,718,,,,,,,,,,,,
AKKC,STAN,CONN,XX-XO,ARAA,3,OLD,T,2,718,737,738,718,706,738,737,718,,,,,,,,,,,,
AKKC,STAN,CONN,XX-XO,ARAA,3,OLD,,2,718,737,738,718,706,738,737,718,,,,,,,,,,,,
AKKC,STAN,CONN,XX-XO,ARAA,4,NEW,T,4,718,737,738,753,755,738,737,718,,,,,,,,,,,,
AKKC,STAN,CONN,XX-XO,ARAA,4,NEW,,4,718,737,738,753,755,738,737,718,,,,,,,,,,,,
AKKC,STAN,CONN,XX-XO,ARAA,4,OLD,T,4,718,737,738,718,706,738,737,718,,,,,,,,,,,,
AKKC,STAN,CONN,XX-XO,ARAA,4,OLD,,4,718,737,738,718,706,738,737,718,,,,,,,,,,,,
AKKC,STAN,CONN,XX-XO,ARAB,2,NEW,,0,718,737,738,755,753,738,737,718,,,,,,,,,,,,
AKKC,STAN,CONN,XX-XO,ARAB,2,OLD,,0,718,737,738,706,718,738,737,718,,,,,,,,,,,,
AKKC,STAN,CONN,XX-XO,ARAB,3,NEW,T,2,718,737,738,755,753,738,737,718,,,,,,,,,,,,
AKKC,STAN,CONN,XX-XO,ARAB,3,NEW,,2,718,737,738,755,753,738,737,718,,,,,,,,,,,,
AKKC,STAN,CONN,XX-XO,ARAB,3,OLD,T,2,718,737,738,706,718,738,737,718,,,,,,,,,,,,
AKKC,STAN,CONN,XX-XO,ARAB,3,OLD,,2,718,737,738,706,718,738,737,718,,,,,,,,,,,,
AKKC,STAN,CONN,XX-XO,ARAB,4,NEW,T,4,718,737,738,755,753,738,737,718,,,,,,,,,,,,
AKKC,STAN,CONN,XX-XO,ARAB,4,NEW,,4,718,737,738,755,753,738,737,718,,,,,,,,,,,,
AKKC,STAN,CONN,XX-XO,ARAB,4,OLD,T,4,718,737,738,706,718,738,737,718,,,,,,,,,,,,
AKKC,STAN,CONN,XX-XO,ARAB,4,OLD,,4,718,737,738,706,718,738,737,718,,,,,,,,,,,,
AKKC,STAN,CONO,OXX-XO,,3,,,2,718,737,738,738,737,718,706,737,738,718,,,,,,,,,,
AKKC,STAN,CONP,OX-XXO,,3,,,2,718,738,737,706,718,737,738,738,737,718,,,,,,,,,,
AKKC,STAN,CONQ,XXX-XX,,3,,,2,718,737,738,738,737,718,706,737,738,718,,,,,,,,,,
AKKC,STAN,CONR,XX-XXX,,3,,,2,718,738,737,706,718,737,738,738,737,718,,,,,,,,,,
AKKC,STAN,CONS,OX-XXX,,3,,,2,718,738,737,706,718,737,738,738,737,718,,,,,,,,,,
AKKC,STAN,CONT,XXX-XO,,3,,,2,718,737,738,738,737,718,706,737,738,718,,,,,,,,,,
AKKC,STAN,CONU,OXX-XXO,ARAA,3,NEW,,2,718,737,738,738,737,753,755,737,738,738,737,718,,,,,,,,
AKKC,STAN,CONU,OXX-XXO,ARAA,3,OLD,,2,718,737,738,738,737,718,706,737,738,738,737,718,,,,,,,,
AKKC,STAN,CONU,OXX-XXO,ARAA,4,NEW,T,4,718,737,738,738,737,753,755,737,738,738,737,718,,,,,,,,
AKKC,STAN,CONU,OXX-XXO,ARAA,4,NEW,,4,718,737,738,738,737,753,755,737,738,738,737,718,,,,,,,,
AKKC,STAN,CONU,OXX-XXO,ARAA,4,OLD,T,4,718,737,738,738,737,718,706,737,738,738,737,718,,,,,,,,
AKKC,STAN,CONU,OXX-XXO,ARAA,4,OLD,,4,718,737,738,738,737,718,706,737,738,738,737,718,,,,,,,,
AKKC,STAN,CONU,OXX-XXO,ARAA,5,NEW,T,6,718,737,738,738,737,753,755,737,738,738,737,718,,,,,,,,
AKKC,STAN,CONU,OXX-XXO,ARAA,5,NEW,,6,718,737,738,738,737,753,755,737,738,738,737,718,,,,,,,,
AKKC,STAN,CONU,OXX-XXO,ARAA,5,OLD,T,6,718,737,738,738,737,718,706,737,738,738,737,718,,,,,,,,
AKKC,STAN,CONU,OXX-XXO,ARAA,5,OLD,,6,718,737,738,738,737,718,706,737,738,738,737,718,,,,,,,,
AKKC,STAN,CONU,OXX-XXO,ARAB,3,NEW,,2,718,737,738,738,737,755,753,737,738,738,737,718,,,,,,,,
AKKC,STAN,CONU,OXX-XXO,ARAB,3,OLD,,2,718,737,738,738,737,706,718,737,738,738,737,718,,,,,,,,
AKKC,STAN,CONU,OXX-XXO,ARAB,4,NEW,T,4,718,737,738,738,737,755,753,737,738,738,737,718,,,,,,,,
AKKC,STAN,CONU,OXX-XXO,ARAB,4,NEW,,4,718,737,738,738,737,755,753,737,738,738,737,718,,,,,,,,
AKKC,STAN,CONU,OXX-XXO,ARAB,4,OLD,T,4,718,737,738,738,737,706,718,737,738,738,737,718,,,,,,,,
AKKC,STAN,CONU,OXX-XXO,ARAB,4,OLD,,4,718,737,738,738,737,706,718,737,738,738,737,718,,,,,,,,
AKKC,STAN,CONU,OXX-XXO,ARAB,5,NEW,T,6,718,737,738,738,737,755,753,737,738,738,737,718,,,,,,,,
AKKC,STAN,CONU,OXX-XXO,ARAB,5,NEW,,6,718,737,738,738,737,755,753,737,738,738,737,718,,,,,,,,
AKKC,STAN,CONU,OXX-XXO,ARAB,5,OLD,T,6,718,737,738,738,737,706,718,737,738,738,737,718,,,,,,,,
AKKC,STAN,CONU,OXX-XXO,ARAB,5,OLD,,6,718,737,738,738,737,706,718,737,738,738,737,718,,,,,,,,
AKKC,STAN,CONV,XXX-XXX,ARAA,3,NEW,,2,718,737,738,738,737,753,755,737,738,738,737,718,,,,,,,,
AKKC,STAN,CONV,XXX-XXX,ARAA,3,OLD,,2,718,737,738,738,737,718,706,737,738,738,737,718,,,,,,,,
AKKC,STAN,CONV,XXX-XXX,ARAA,4,NEW,T,4,718,737,738,738,737,753,755,737,738,738,737,718,,,,,,,,
AKKC,STAN,CONV,XXX-XXX,ARAA,4,NEW,,4,718,737,738,738,737,753,755,737,738,738,737,718,,,,,,,,
AKKC,STAN,CONV,XXX-XXX,ARAA,4,OLD,T,4,718,737,738,738,737,718,706,737,738,738,737,718,,,,,,,,
AKKC,STAN,CONV,XXX-XXX,ARAA,4,OLD,,4,718,737,738,738,737,718,706,737,738,738,737,718,,,,,,,,
AKKC,STAN,CONV,XXX-XXX,ARAA,5,NEW,T,6,718,737,738,738,737,753,755,737,738,738,737,718,,,,,,,,
AKKC,STAN,CONV,XXX-XXX,ARAA,5,NEW,,6,718,737,738,738,737,753,755,737,738,738,737,718,,,,,,,,
AKKC,STAN,CONV,XXX-XXX,ARAA,5,OLD,T,6,718,737,738,738,737,718,706,737,738,738,737,718,,,,,,,,
AKKC,STAN,CONV,XXX-XXX,ARAA,5,OLD,,6,718,737,738,738,737,718,706,737,738,738,737,718,,,,,,,,
AKKC,STAN,CONV,XXX-XXX,ARAB,3,NEW,,2,718,737,738,738,737,755,753,737,738,738,737,718,,,,,,,,
AKKC,STAN,CONV,XXX-XXX,ARAB,3,OLD,,2,718,737,738,738,737,706,718,737,738,738,737,718,,,,,,,,
AKKC,STAN,CONV,XXX-XXX,ARAB,4,NEW,T,4,718,737,738,738,737,755,753,737,738,738,737,718,,,,,,,,
AKKC,STAN,CONV,XXX-XXX,ARAB,4,NEW,,4,718,737,738,738,737,755,753,737,738,738,737,718,,,,,,,,
AKKC,STAN,CONV,XXX-XXX,ARAB,4,OLD,T,4,718,737,738,738,737,706,718,737,738,738,737,718,,,,,,,,
AKKC,STAN,CONV,XXX-XXX,ARAB,4,OLD,,4,718,737,738,738,737,706,718,737,738,738,737,718,,,,,,,,
AKKC,STAN,CONV,XXX-XXX,ARAB,5,NEW,T,6,718,737,738,738,737,755,753,737,738,738,737,718,,,,,,,,
AKKC,STAN,CONV,XXX-XXX,ARAB,5,NEW,,6,718,737,738,738,737,755,753,737,738,738,737,718,,,,,,,,
AKKC,STAN,CONV,XXX-XXX,ARAB,5,OLD,T,6,718,737,738,738,737,706,718,737,738,738,737,718,,,,,,,,
AKKC,STAN,CONV,XXX-XXX,ARAB,5,OLD,,6,718,737,738,738,737,706,718,737,738,738,737,718,,,,,,,,
AKKC,STAN,CONW,OXXX-XXXO,ARAA,4,,,4,718,737,738,738,738,738,737,718,706,737,738,738,738,738,737,718,,,,
AKKC,STAN,CONW,OXXX-XXXO,ARAA,5,,T,6,718,737,738,738,738,738,737,718,706,737,738,738,738,738,737,718,,,,
AKKC,STAN,CONW,OXXX-XXXO,ARAA,5,,,6,718,737,738,738,738,738,737,718,706,737,738,738,738,738,737,718,,,,
AKKC,STAN,CONW,OXXX-XXXO,ARAB,4,,,4,718,737,738,738,738,738,737,706,718,737,738,738,738,738,737,718,,,,
AKKC,STAN,CONW,OXXX-XXXO,ARAB,5,,T,6,718,737,738,738,738,738,737,706,718,737,738,738,738,738,737,718,,,,
AKKC,STAN,CONW,OXXX-XXXO,ARAB,5,,,6,718,737,738,738,738,738,737,706,718,737,738,738,738,738,737,718,,,,
AKKC,STAN,CONX,XXXX-XXXX,ARAA,4,,,4,718,737,738,738,738,738,737,718,706,737,738,738,738,738,737,718,,,,
AKKC,STAN,CONX,XXXX-XXXX,ARAA,5,,T,6,718,737,738,738,738,738,737,718,706,737,738,738,738,738,737,718,,,,
AKKC,STAN,CONX,XXXX-XXXX,ARAA,5,,,6,718,737,738,738,738,738,737,718,706,737,738,738,738,738,737,718,,,,
AKKC,STAN,CONX,XXXX-XXXX,ARAB,4,,,4,718,737,738,738,738,738,737,706,718,737,738,738,738,738,737,718,,,,
AKKC,STAN,CONX,XXXX-XXXX,ARAB,5,,T,6,718,737,738,738,738,738,737,706,718,737,738,738,738,738,737,718,,,,
AKKC,STAN,CONX,XXXX-XXXX,ARAB,5,,,6,718,737,738,738,738,738,737,706,718,737,738,738,738,738,737,718,,,,
AKKC,STAN,CONY,OXXXX-XXXXO,ARAA,5,,,6,718,737,738,738,738,738,738,738,737,718,706,737,738,738,738,738,738,738,737,718
AKKC,STAN,CONY,OXXXX-XXXXO,ARAB,5,,,6,718,737,738,738,738,738,738,738,737,706,718,737,738,738,738,738,738,738,737,718
AKKC,STAN,CONZ,PX,,2,,,0,708,718,,,,,,,,,,,,,,,,,,
AKKC,STAN,CONZ,PX,,3,,T,0,708,718,,,,,,,,,,,,,,,,,,
AKKC,STAN,CONZ,PX,,3,,,1,708,718,,,,,,,,,,,,,,,,,,
AKKC,STAN,COP1,XP,,2,,,0,718,708,,,,,,,,,,,,,,,,,,
AKKC,STAN,COP1,XP,,3,,T,0,718,708,,,,,,,,,,,,,,,,,,
AKKC,STAN,COP1,XP,,3,,,1,718,708,,,,,,,,,,,,,,,,,,
AKKC,STAN,COP2,PXX,,2,,,0,708,737,738,718,,,,,,,,,,,,,,,,
AKKC,STAN,COP2,PXX,,3,,T,0,708,737,738,718,,,,,,,,,,,,,,,,
AKKC,STAN,COP2,PXX,,3,,,1,708,737,738,718,,,,,,,,,,,,,,,,
AKKC,STAN,COP3,XXP,,2,,,0,718,738,737,708,,,,,,,,,,,,,,,,
AKKC,STAN,COP3,XXP,,3,,T,0,718,738,737,708,,,,,,,,,,,,,,,,
AKKC,STAN,COP3,XXP,,3,,,1,718,738,737,708,,,,,,,,,,,,,,,,
AKKC,STAN,COP4,PXXX,,3,,,1,708,737,738,738,737,718,,,,,,,,,,,,,,
AKKC,STAN,COP4,PXXX,,4,,T,1,708,737,738,738,737,718,,,,,,,,,,,,,,
AKKC,STAN,COP4,PXXX,,4,,,2,708,737,738,738,737,718,,,,,,,,,,,,,,
AKKC,STAN,COP5,XXXP,,3,,,1,718,737,738,738,737,708,,,,,,,,,,,,,,
AKKC,STAN,COP5,XXXP,,4,,T,1,718,737,738,738,737,708,,,,,,,,,,,,,,
AKKC,STAN,COP5,XXXP,,4,,,2,718,737,738,738,737,708,,,,,,,,,,,,,,
AKKC,STAN,COP6,PXXXX,,4,,,2,708,737,738,738,738,738,737,718,,,,,,,,,,,,
AKKC,STAN,COP6,PXXXX,,5,,T,2,708,737,738,738,738,738,737,718,,,,,,,,,,,,
AKKC,STAN,COP6,PXXXX,,5,,,3,708,737,738,738,738,738,737,718,,,,,,,,,,,,
AKKC,STAN,COP7,XXXXP,,4,,,2,718,737,738,738,738,738,737,708,,,,,,,,,,,,
AKKC,STAN,COP7,XXXXP,,5,,T,2,718,737,738,738,738,738,737,708,,,,,,,,,,,,
AKKC,STAN,COP7,XXXXP,,5,,,3,718,737,738,738,738,738,737,708,,,,,,,,,,,,
AKKC,STAN,COP8,PX-XP,,2,NEW,,0,708,753,755,708,,,,,,,,,,,,,,,,
AKKC,STAN,COP8,PX-XP,,2,OLD,,0,708,718,706,708,,,,,,,,,,,,,,,,
AKKC,STAN,COP8,PX-XP,,3,NEW,T,0,708,753,755,708,,,,,,,,,,,,,,,,
AKKC,STAN,COP8,PX-XP,,3,NEW,,0,708,753,755,708,,,,,,,,,,,,,,,,
AKKC,STAN,COP8,PX-XP,,3,OLD,T,0,708,718,706,708,,,,,,,,,,,,,,,,
AKKC,STAN,COP8,PX-XP,,3,OLD,,0,708,718,706,708,,,,,,,,,,,,,,,,
AKKC,STAN,COP9,PXX-XXP,,2,NEW,T,0,708,737,738,753,755,738,737,708,,,,,,,,,,,,
AKKC,STAN,COP9,PXX-XXP,,2,NEW,,0,708,737,738,753,755,738,737,708,,,,,,,,,,,,
AKKC,STAN,COP9,PXX-XXP,,2,OLD,T,0,708,737,738,718,706,738,737,708,,,,,,,,,,,,
AKKC,STAN,COP9,PXX-XXP,,2,OLD,,0,708,737,738,718,706,738,737,708,,,,,,,,,,,,
AKKC,STAN,COP9,PXX-XXP,,3,NEW,T,0,708,737,738,753,755,738,737,708,,,,,,,,,,,,
AKKC,STAN,COP9,PXX-XXP,,3,NEW,,0,708,737,738,753,755,738,737,708,,,,,,,,,,,,
AKKC,STAN,COP9,PXX-XXP,,3,OLD,T,0,708,737,738,718,706,738,737,708,,,,,,,,,,,,
AKKC,STAN,COP9,PXX-XXP,,3,OLD,,0,708,737,738,718,706,738,737,708,,,,,,,,,,,,
AKKC,STAN,COPA,PXXX-XXXP,,3,NEW,,0,708,737,738,738,737,753,755,737,738,738,737,708,,,,,,,,
AKKC,STAN,COPA,PXXX-XXXP,,3,OLD,,0,708,737,738,738,737,718,706,737,738,738,737,708,,,,,,,,
AKKC,STAN,COPA,PXXX-XXXP,,4,NEW,T,0,708,737,738,738,737,753,755,737,738,738,737,708,,,,,,,,
AKKC,STAN,COPA,PXXX-XXXP,,4,NEW,,0,708,737,738,738,737,753,755,737,738,738,737,708,,,,,,,,
AKKC,STAN,COPA,PXXX-XXXP,,4,OLD,T,0,708,737,738,738,737,718,706,737,738,738,737,708,,,,,,,,
AKKC,STAN,COPA,PXXX-XXXP,,4,OLD,,0,708,737,738,738,737,718,706,737,738,738,737,708,,,,,,,,
AKKC,STAN,COPB,PXXXX-XXXXP,,4,NEW,,0,708,737,738,738,738,738,737,753,755,737,738,738,738,738,737,708,,,,
AKKC,STAN,COPB,PXXXX-XXXXP,,4,OLD,,0,708,737,738,738,738,738,737,718,706,737,738,738,738,738,737,708,,,,
AKKC,STAN,COPB,PXXXX-XXXXP,,5,NEW,T,0,708,737,738,738,738,738,737,753,755,737,738,738,738,738,737,708,,,,
AKKC,STAN,COPB,PXXXX-XXXXP,,5,NEW,,0,708,737,738,738,738,738,737,753,755,737,738,738,738,738,737,708,,,,
AKKC,STAN,COPB,PXXXX-XXXXP,,5,OLD,T,0,708,737,738,738,738,738,737,718,706,737,738,738,738,738,737,708,,,,
AKKC,STAN,COPB,PXXXX-XXXXP,,5,OLD,,0,708,737,738,738,738,738,737,718,706,737,738,738,738,738,737,708,,,,
