AKKA,HPHD,CON1,XO,,2,,,2,MEET,INLK,INLK,MEET,,,,,,,,,,,,,,,,
AKKA,HPHD,CON1,XO,,3,,T,3,MEET,INLK,INLK,MEET,,,,,,,,,,,,,,,,
AKKA,HPHD,CON1,XO,,3,,,4,MEET,INLK,INLK,MEET,,,,,,,,,,,,,,,,
AKKA,HPHD,CON1,XO,,4,,T,5,MEET,INLK,INLK,MEET,,,,,,,,,,,,,,,,
AKKA,HPHD,CON1,XO,,4,,,6,MEET,INLK,INLK,MEET,,,,,,,,,,,,,,,,
AKKA,HPHD,CON2,OX,,2,,,2,MEET,INLK,INLK,MEET,,,,,,,,,,,,,,,,
AKKA,HPHD,CON2,OX,,3,,T,3,MEET,INLK,INLK,MEET,,,,,,,,,,,,,,,,
AKKA,HPHD,CON2,OX,,3,,,4,MEET,INLK,INLK,MEET,,,,,,,,,,,,,,,,
AKKA,HPHD,CON2,OX,,4,,T,5,MEET,INLK,INLK,MEET,,,,,,,,,,,,,,,,
AKKA,HPHD,CON2,OX,,4,,,6,MEET,INLK,INLK,MEET,,,,,,,,,,,,,,,,
AKKA,HPHD,CON3,XX,ARAA,2,,,2,MEET,INLK,INLK,MEET,,,,,,,,,,,,,,,,
AKKA,HPHD,CON3,XX,ARAA,3,,T,3,MEET,INLK,INLK,MEET,,,,,,,,,,,,,,,,
AKKA,HPHD,CON3,XX,ARAA,3,,,4,MEET,INLK,INLK,MEET,,,,,,,,,,,,,,,,
AKKA,HPHD,CON3,XX,ARAA,4,,T,5,MEET,INLK,INLK,MEET,,,,,,,,,,,,,,,,
AKKA,HPHD,CON3,XX,ARAA,4,,,6,MEET,INLK,INLK,MEET,,,,,,,,,,,,,,,,
AKKA,HPHD,CON3,XX,ARAB,2,,,2,MEET,INLK,INLK,MEET,,,,,,,,,,,,,,,,
AKKA,HPHD,CON3,XX,ARAB,3,,T,3,MEET,INLK,INLK,MEET,,,,,,,,,,,,,,,,
AKKA,HPHD,CON3,XX,ARAB,3,,,4,MEET,INLK,INLK,MEET,,,,,,,,,,,,,,,,
AKKA,HPHD,CON3,XX,ARAB,4,,T,5,MEET,INLK,INLK,MEET,,,,,,,,,,,,,,,,
AKKA,HPHD,CON3,XX,ARAB,4,,,6,MEET,INLK,INLK,MEET,,,,,,,,,,,,,,,,
AKKA,HPHD,CON4,XXO,,3,,,4,MEET,INLK,INLK,INLK,INLK,MEET,,,,,,,,,,,,,,
AKKA,HPHD,CON4,XXO,,4,,T,5,MEET,INLK,INLK,INLK,INLK,MEET,,,,,,,,,,,,,,
AKKA,HPHD,CON4,XXO,,4,,,6,MEET,INLK,INLK,INLK,INLK,MEET,,,,,,,,,,,,,,
AKKA,HPHD,CON4,XXO,,5,,T,7,MEET,INLK,INLK,INLK,INLK,MEET,,,,,,,,,,,,,,
AKKA,HPHD,CON4,XXO,,5,,,8,MEET,INLK,INLK,INLK,INLK,MEET,,,,,,,,,,,,,,
AKKA,HPHD,CON5,OXX,,3,,,4,MEET,INLK,INLK,INLK,INLK,MEET,,,,,,,,,,,,,,
AKKA,HPHD,CON5,OXX,,4,,T,5,MEET,INLK,INLK,INLK,INLK,MEET,,,,,,,,,,,,,,
AKKA,HPHD,CON5,OXX,,4,,,6,MEET,INLK,INLK,INLK,INLK,MEET,,,,,,,,,,,,,,
AKKA,HPHD,CON5,OXX,,5,,T,7,MEET,INLK,INLK,INLK,INLK,MEET,,,,,,,,,,,,,,
AKKA,HPHD,CON5,OXX,,5,,,8,MEET,INLK,INLK,INLK,INLK,MEET,,,,,,,,,,,,,,
AKKA,HPHD,CON6,XXX,ARAA,3,,,4,MEET,INLK,INLK,INLK,INLK,MEET,,,,,,,,,,,,,,
AKKA,HPHD,CON6,XXX,ARAA,4,,T,5,MEET,INLK,INLK,INLK,INLK,MEET,,,,,,,,,,,,,,
AKKA,HPHD,CON6,XXX,ARAA,4,,,6,MEET,INLK,INLK,INLK,INLK,MEET,,,,,,,,,,,,,,
AKKA,HPHD,CON6,XXX,ARAA,5,,T,7,MEET,INLK,INLK,INLK,INLK,MEET,,,,,,,,,,,,,,
AKKA,HPHD,CON6,XXX,ARAA,5,,,8,MEET,INLK,INLK,INLK,INLK,MEET,,,,,,,,,,,,,,
AKKA,HPHD,CON6,XXX,ARAB,3,,,4,MEET,INLK,INLK,INLK,INLK,MEET,,,,,,,,,,,,,,
AKKA,HPHD,CON6,XXX,ARAB,4,,T,5,MEET,INLK,INLK,INLK,INLK,MEET,,,,,,,,,,,,,,
AKKA,HPHD,CON6,XXX,ARAB,4,,,6,MEET,INLK,INLK,INLK,INLK,MEET,,,,,,,,,,,,,,
AKKA,HPHD,CON6,XXX,ARAB,5,,T,7,MEET,INLK,INLK,INLK,INLK,MEET,,,,,,,,,,,,,,
AKKA,HPHD,CON6,XXX,ARAB,5,,,8,MEET,INLK,INLK,INLK,INLK,MEET,,,,,,,,,,,,,,
AKKA,HPHD,CON7,XOX,,2,,,2,MEET,INLK,INLK,INLK,INLK,MEET,,,,,,,,,,,,,,
AKKA,HPHD,CON7,XOX,,3,,T,2,MEET,INLK,INLK,INLK,INLK,MEET,,,,,,,,,,,,,,
AKKA,HPHD,CON7,XOX,,3,,,4,MEET,INLK,INLK,INLK,INLK,MEET,,,,,,,,,,,,,,
AKKA,HPHD,CON8,XXXO,,4,,,6,MEET,INLK,INLK,INLK,INLK,INLK,INLK,MEET,,,,,,,,,,,,
AKKA,HPHD,CON8,XXXO,,5,,T,7,MEET,INLK,INLK,INLK,INLK,INLK,INLK,MEET,,,,,,,,,,,,
AKKA,HPHD,CON8,XXXO,,5,,,8,MEET,INLK,INLK,INLK,INLK,INLK,INLK,MEET,,,,,,,,,,,,
AKKA,HPHD,CON9,OXXX,,4,,,6,MEET,INLK,INLK,INLK,INLK,INLK,INLK,MEET,,,,,,,,,,,,
AKKA,HPHD,CON9,OXXX,,5,,T,7,MEET,INLK,INLK,INLK,INLK,INLK,INLK,MEET,,,,,,,,,,,,
AKKA,HPHD,CON9,OXXX,,5,,,8,MEET,INLK,INLK,INLK,INLK,INLK,INLK,MEET,,,,,,,,,,,,
AKKA,HPHD,CONA,XXXX,,4,,,6,MEET,INLK,INLK,INLK,INLK,INLK,INLK,MEET,,,,,,,,,,,,
AKKA,HPHD,CONA,XXXX,,5,,T,7,MEET,INLK,INLK,INLK,INLK,INLK,INLK,MEET,,,,,,,,,,,,
AKKA,HPHD,CONA,XXXX,,5,,,8,MEET,INLK,INLK,INLK,INLK,INLK,INLK,MEET,,,,,,,,,,,,
AKKA,HPHD,CONB,XXXXO,,5,,,8,MEET,INLK,INLK,INLK,INLK,INLK,INLK,INLK,INLK,MEET,,,,,,,,,,
AKKA,HPHD,CONC,OXXXX,,5,,,8,MEET,INLK,INLK,INLK,INLK,INLK,INLK,INLK,INLK,MEET,,,,,,,,,,
AKKA,HPHD,COND,XXXXX,,5,,,8,MEET,INLK,INLK,INLK,INLK,INLK,INLK,INLK,INLK,MEET,,,,,,,,,,
AKKA,HPHD,CONE,XX-X,,2,,,2,MEET,INLK,INLK,CNMT,CNMT,MEET,,,,,,,,,,,,,,
AKKA,HPHD,CONE,XX-X,,3,,T,4,MEET,INLK,INLK,CNMT,CNMT,MEET,,,,,,,,,,,,,,
AKKA,HPHD,CONE,XX-X,,3,,,4,MEET,INLK,INLK,CNMT,CNMT,MEET,,,,,,,,,,,,,,
AKKA,HPHD,CONF,X-XX,,2,,,2,MEET,CNMT,CNMT,INLK,INLK,MEET,,,,,,,,,,,,,,
AKKA,HPHD,CONF,X-XX,,3,,T,4,MEET,CNMT,CNMT,INLK,INLK,MEET,,,,,,,,,,,,,,
AKKA,HPHD,CONF,X-XX,,3,,,4,MEET,CNMT,CNMT,INLK,INLK,MEET,,,,,,,,,,,,,,
AKKA,HPHD,CONG,OX-O,,2,,,2,MEET,INLK,INLK,CNMT,CNMT,MEET,,,,,,,,,,,,,,
AKKA,HPHD,CONG,OX-O,,3,,T,4,MEET,INLK,INLK,CNMT,CNMT,MEET,,,,,,,,,,,,,,
AKKA,HPHD,CONG,OX-O,,3,,,4,MEET,INLK,INLK,CNMT,CNMT,MEET,,,,,,,,,,,,,,
AKKA,HPHD,CONH,O-XO,,2,,,2,MEET,CNMT,CNMT,INLK,INLK,MEET,,,,,,,,,,,,,,
AKKA,HPHD,CONH,O-XO,,3,,T,4,MEET,CNMT,CNMT,INLK,INLK,MEET,,,,,,,,,,,,,,
AKKA,HPHD,CONH,O-XO,,3,,,4,MEET,CNMT,CNMT,INLK,INLK,MEET,,,,,,,,,,,,,,
AKKA,HPHD,CONI,O-XX,,2,,,2,MEET,CNMT,CNMT,INLK,INLK,MEET,,,,,,,,,,,,,,
AKKA,HPHD,CONI,O-XX,,3,,T,4,MEET,CNMT,CNMT,INLK,INLK,MEET,,,,,,,,,,,,,,
AKKA,HPHD,CONI,O-XX,,3,,,4,MEET,CNMT,CNMT,INLK,INLK,MEET,,,,,,,,,,,,,,
AKKA,HPHD,CONJ,XX-O,,2,,,2,MEET,INLK,INLK,CNMT,CNMT,MEET,,,,,,,,,,,,,,
AKKA,HPHD,CONJ,XX-O,,3,,T,4,MEET,INLK,INLK,CNMT,CNMT,MEET,,,,,,,,,,,,,,
AKKA,HPHD,CONJ,XX-O,,3,,,4,MEET,INLK,INLK,CNMT,CNMT,MEET,,,,,,,,,,,,,,
AKKA,HPHD,CONK,XX-XX,ARAA,2,,,2,MEET,INLK,INLK,CNMT,CNMT,INLK,INLK,MEET,,,,,,,,,,,,
AKKA,HPHD,CONK,XX-XX,ARAA,3,,T,4,MEET,INLK,INLK,CNMT,CNMT,INLK,INLK,MEET,,,,,,,,,,,,
AKKA,HPHD,CONK,XX-XX,ARAA,3,,,4,MEET,INLK,INLK,CNMT,CNMT,INLK,INLK,MEET,,,,,,,,,,,,
AKKA,HPHD,CONK,XX-XX,ARAA,4,,T,6,MEET,INLK,INLK,CNMT,CNMT,INLK,INLK,MEET,,,,,,,,,,,,
AKKA,HPHD,CONK,XX-XX,ARAA,4,,,6,MEET,INLK,INLK,CNMT,CNMT,INLK,INLK,MEET,,,,,,,,,,,,
AKKA,HPHD,CONK,XX-XX,ARAB,2,,,2,MEET,INLK,INLK,CNMT,CNMT,INLK,INLK,MEET,,,,,,,,,,,,
AKKA,HPHD,CONK,XX-XX,ARAB,3,,T,4,MEET,INLK,INLK,CNMT,CNMT,INLK,INLK,MEET,,,,,,,,,,,,
AKKA,HPHD,CONK,XX-XX,ARAB,3,,,4,MEET,INLK,INLK,CNMT,CNMT,INLK,INLK,MEET,,,,,,,,,,,,
AKKA,HPHD,CONK,XX-XX,ARAB,4,,T,6,MEET,INLK,INLK,CNMT,CNMT,INLK,INLK,MEET,,,,,,,,,,,,
AKKA,HPHD,CONK,XX-XX,ARAB,4,,,6,MEET,INLK,INLK,CNMT,CNMT,INLK,INLK,MEET,,,,,,,,,,,,
AKKA,HPHD,CONL,OX-XO,ARAA,2,,,2,MEET,INLK,INLK,CNMT,CNMT,INLK,INLK,MEET,,,,,,,,,,,,
AKKA,HPHD,CONL,OX-XO,ARAA,3,,T,4,MEET,INLK,INLK,CNMT,CNMT,INLK,INLK,MEET,,,,,,,,,,,,
AKKA,HPHD,CONL,OX-XO,ARAA,3,,,4,MEET,INLK,INLK,CNMT,CNMT,INLK,INLK,MEET,,,,,,,,,,,,
AKKA,HPHD,CONL,OX-XO,ARAA,4,,T,6,MEET,INLK,INLK,CNMT,CNMT,INLK,INLK,MEET,,,,,,,,,,,,
AKKA,HPHD,CONL,OX-XO,ARAA,4,,,6,MEET,INLK,INLK,CNMT,CNMT,INLK,INLK,MEET,,,,,,,,,,,,
AKKA,HPHD,CONL,OX-XO,ARAB,2,,,2,MEET,INLK,INLK,CNMT,CNMT,INLK,INLK,MEET,,,,,,,,,,,,
AKKA,HPHD,CONL,OX-XO,ARAB,3,,T,4,MEET,INLK,INLK,CNMT,CNMT,INLK,INLK,MEET,,,,,,,,,,,,
AKKA,HPHD,CONL,OX-XO,ARAB,3,,,4,MEET,INLK,INLK,CNMT,CNMT,INLK,INLK,MEET,,,,,,,,,,,,
AKKA,HPHD,CONL,OX-XO,ARAB,4,,T,6,MEET,INLK,INLK,CNMT,CNMT,INLK,INLK,MEET,,,,,,,,,,,,
AKKA,HPHD,CONL,OX-XO,ARAB,4,,,6,MEET,INLK,INLK,CNMT,CNMT,INLK,INLK,MEET,,,,,,,,,,,,
AKKA,HPHD,CONM,OX-XX,ARAA,2,,,2,MEET,INLK,INLK,CNMT,CNMT,INLK,INLK,MEET,,,,,,,,,,,,
AKKA,HPHD,CONM,OX-XX,ARAA,3,,T,4,MEET,INLK,INLK,CNMT,CNMT,INLK,INLK,MEET,,,,,,,,,,,,
AKKA,HPHD,CONM,OX-XX,ARAA,3,,,4,MEET,INLK,INLK,CNMT,CNMT,INLK,INLK,MEET,,,,,,,,,,,,
AKKA,HPHD,CONM,OX-XX,ARAA,4,,T,6,MEET,INLK,INLK,CNMT,CNMT,INLK,INLK,MEET,,,,,,,,,,,,
AKKA,HPHD,CONM,OX-XX,ARAA,4,,,6,MEET,INLK,INLK,CNMT,CNMT,INLK,INLK,MEET,,,,,,,,,,,,
AKKA,HPHD,CONM,OX-XX,ARAB,2,,,2,MEET,INLK,INLK,CNMT,CNMT,INLK,INLK,MEET,,,,,,,,,,,,
AKKA,HPHD,CONM,OX-XX,ARAB,3,,T,4,MEET,INLK,INLK,CNMT,CNMT,INLK,INLK,MEET,,,,,,,,,,,,
AKKA,HPHD,CONM,OX-XX,ARAB,3,,,4,MEET,INLK,INLK,CNMT,CNMT,INLK,INLK,MEET,,,,,,,,,,,,
AKKA,HPHD,CONM,OX-XX,ARAB,4,,T,6,MEET,INLK,INLK,CNMT,CNMT,INLK,INLK,MEET,,,,,,,,,,,,
AKKA,HPHD,CONM,OX-XX,ARAB,4,,,6,MEET,INLK,INLK,CNMT,CNMT,INLK,INLK,MEET,,,,,,,,,,,,
AKKA,HPHD,CONN,XX-XO,ARAA,2,,,2,MEET,INLK,INLK,CNMT,CNMT,INLK,INLK,MEET,,,,,,,,,,,,
AKKA,HPHD,CONN,XX-XO,ARAA,3,,T,4,MEET,INLK,INLK,CNMT,CNMT,INLK,INLK,MEET,,,,,,,,,,,,
AKKA,HPHD,CONN,XX-XO,ARAA,3,,,4,MEET,INLK,INLK,CNMT,CNMT,INLK,INLK,MEET,,,,,,,,,,,,
AKKA,HPHD,CONN,XX-XO,ARAA,4,,T,6,MEET,INLK,INLK,CNMT,CNMT,INLK,INLK,MEET,,,,,,,,,,,,
AKKA,HPHD,CONN,XX-XO,ARAA,4,,,6,MEET,INLK,INLK,CNMT,CNMT,INLK,INLK,MEET,,,,,,,,,,,,
AKKA,HPHD,CONN,XX-XO,ARAB,2,,,2,MEET,INLK,INLK,CNMT,CNMT,INLK,INLK,MEET,,,,,,,,,,,,
AKKA,HPHD,CONN,XX-XO,ARAB,3,,T,4,MEET,INLK,INLK,CNMT,CNMT,INLK,INLK,MEET,,,,,,,,,,,,
AKKA,HPHD,CONN,XX-XO,ARAB,3,,,4,MEET,INLK,INLK,CNMT,CNMT,INLK,INLK,MEET,,,,,,,,,,,,
AKKA,HPHD,CONN,XX-XO,ARAB,4,,T,6,MEET,INLK,INLK,CNMT,CNMT,INLK,INLK,MEET,,,,,,,,,,,,
AKKA,HPHD,CONN,XX-XO,ARAB,4,,,6,MEET,INLK,INLK,CNMT,CNMT,INLK,INLK,MEET,,,,,,,,,,,,
AKKA,HPHD,CONO,OXX-XO,,3,,,4,MEET,INLK,INLK,INLK,INLK,CNMT,CNMT,INLK,INLK,MEET,,,,,,,,,,
AKKA,HPHD,CONP,OX-XXO,,3,,,4,MEET,INLK,INLK,CNMT,CNMT,INLK,INLK,INLK,INLK,MEET,,,,,,,,,,
AKKA,HPHD,CONQ,XXX-XX,,3,,,4,MEET,INLK,INLK,INLK,INLK,CNMT,CNMT,INLK,INLK,MEET,,,,,,,,,,
AKKA,HPHD,CONR,XX-XXX,,3,,,4,MEET,INLK,INLK,CNMT,CNMT,INLK,INLK,INLK,INLK,MEET,,,,,,,,,,
AKKA,HPHD,CONS,OX-XXX,,3,,,4,MEET,INLK,INLK,CNMT,CNMT,INLK,INLK,INLK,INLK,MEET,,,,,,,,,,
AKKA,HPHD,CONT,XXX-XO,,3,,,4,MEET,INLK,INLK,INLK,INLK,CNMT,CNMT,INLK,INLK,MEET,,,,,,,,,,
AKKA,HPHD,CONU,OXX-XXO,ARAA,3,,,4,MEET,INLK,INLK,INLK,INLK,CNMT,CNMT,INLK,INLK,INLK,INLK,MEET,,,,,,,,
AKKA,HPHD,CONU,OXX-XXO,ARAA,4,,T,6,MEET,INLK,INLK,INLK,INLK,CNMT,CNMT,INLK,INLK,INLK,INLK,MEET,,,,,,,,
AKKA,HPHD,CONU,OXX-XXO,ARAA,4,,,6,MEET,INLK,INLK,INLK,INLK,CNMT,CNMT,INLK,INLK,INLK,INLK,MEET,,,,,,,,
AKKA,HPHD,CONU,OXX-XXO,ARAA,5,,T,8,MEET,INLK,INLK,INLK,INLK,CNMT,CNMT,INLK,INLK,INLK,INLK,MEET,,,,,,,,
AKKA,HPHD,CONU,OXX-XXO,ARAA,5,,,8,MEET,INLK,INLK,INLK,INLK,CNMT,CNMT,INLK,INLK,INLK,INLK,MEET,,,,,,,,
AKKA,HPHD,CONU,OXX-XXO,ARAB,3,,,4,MEET,INLK,INLK,INLK,INLK,CNMT,CNMT,INLK,INLK,INLK,INLK,MEET,,,,,,,,
AKKA,HPHD,CONU,OXX-XXO,ARAB,4,,T,6,MEET,INLK,INLK,INLK,INLK,CNMT,CNMT,INLK,INLK,INLK,INLK,MEET,,,,,,,,
AKKA,HPHD,CONU,OXX-XXO,ARAB,4,,,6,MEET,INLK,INLK,INLK,INLK,CNMT,CNMT,INLK,INLK,INLK,INLK,MEET,,,,,,,,
AKKA,HPHD,CONU,OXX-XXO,ARAB,5,,T,8,MEET,INLK,INLK,INLK,INLK,CNMT,CNMT,INLK,INLK,INLK,INLK,MEET,,,,,,,,
AKKA,HPHD,CONU,OXX-XXO,ARAB,5,,,8,MEET,INLK,INLK,INLK,INLK,CNMT,CNMT,INLK,INLK,INLK,INLK,MEET,,,,,,,,
AKKA,HPHD,CONV,XXX-XXX,ARAA,3,,,4,MEET,INLK,INLK,INLK,INLK,CNMT,CNMT,INLK,INLK,INLK,INLK,MEET,,,,,,,,
AKKA,HPHD,CONV,XXX-XXX,ARAA,4,,T,6,MEET,INLK,INLK,INLK,INLK,CNMT,CNMT,INLK,INLK,INLK,INLK,MEET,,,,,,,,
AKKA,HPHD,CONV,XXX-XXX,ARAA,4,,,6,MEET,INLK,INLK,INLK,INLK,CNMT,CNMT,INLK,INLK,INLK,INLK,MEET,,,,,,,,
AKKA,HPHD,CONV,XXX-XXX,ARAA,5,,T,8,MEET,INLK,INLK,INLK,INLK,CNMT,CNMT,INLK,INLK,INLK,INLK,MEET,,,,,,,,
AKKA,HPHD,CONV,XXX-XXX,ARAA,5,,,8,MEET,INLK,INLK,INLK,INLK,CNMT,CNMT,INLK,INLK,INLK,INLK,MEET,,,,,,,,
AKKA,HPHD,CONV,XXX-XXX,ARAB,3,,,4,MEET,INLK,INLK,INLK,INLK,CNMT,CNMT,INLK,INLK,INLK,INLK,MEET,,,,,,,,
AKKA,HPHD,CONV,XXX-XXX,ARAB,4,,T,6,MEET,INLK,INLK,INLK,INLK,CNMT,CNMT,INLK,INLK,INLK,INLK,MEET,,,,,,,,
AKKA,HPHD,CONV,XXX-XXX,ARAB,4,,,6,MEET,INLK,INLK,INLK,INLK,CNMT,CNMT,INLK,INLK,INLK,INLK,MEET,,,,,,,,
AKKA,HPHD,CONV,XXX-XXX,ARAB,5,,T,8,MEET,INLK,INLK,INLK,INLK,CNMT,CNMT,INLK,INLK,INLK,INLK,MEET,,,,,,,,
AKKA,HPHD,CONV,XXX-XXX,ARAB,5,,,8,MEET,INLK,INLK,INLK,INLK,CNMT,CNMT,INLK,INLK,INLK,INLK,MEET,,,,,,,,
AKKA,HPHD,CONW,OXXX-XXXO,ARAA,4,,,6,MEET,INLK,INLK,INLK,INLK,INLK,INLK,CNMT,CNMT,INLK,INLK,INLK,INLK,INLK,INLK,MEET,,,,
AKKA,HPHD,CONW,OXXX-XXXO,ARAA,5,,T,8,MEET,INLK,INLK,INLK,INLK,INLK,INLK,CNMT,CNMT,INLK,INLK,INLK,INLK,INLK,INLK,MEET,,,,
AKKA,HPHD,CONW,OXXX-XXXO,ARAA,5,,,8,MEET,INLK,INLK,INLK,INLK,INLK,INLK,CNMT,CNMT,INLK,INLK,INLK,INLK,INLK,INLK,MEET,,,,
AKKA,HPHD,CONW,OXXX-XXXO,ARAB,4,,,6,MEET,INLK,INLK,INLK,INLK,INLK,INLK,CNMT,CNMT,INLK,INLK,INLK,INLK,INLK,INLK,MEET,,,,
AKKA,HPHD,CONW,OXXX-XXXO,ARAB,5,,T,8,MEET,INLK,INLK,INLK,INLK,INLK,INLK,CNMT,CNMT,INLK,INLK,INLK,INLK,INLK,INLK,MEET,,,,
AKKA,HPHD,CONW,OXXX-XXXO,ARAB,5,,,8,MEET,INLK,INLK,INLK,INLK,INLK,INLK,CNMT,CNMT,INLK,INLK,INLK,INLK,INLK,INLK,MEET,,,,
AKKA,HPHD,CONX,XXXX-XXXX,ARAA,4,,,6,MEET,INLK,INLK,INLK,INLK,INLK,INLK,CNMT,CNMT,INLK,INLK,INLK,INLK,INLK,INLK,MEET,,,,
AKKA,HPHD,CONX,XXXX-XXXX,ARAA,5,,T,8,MEET,INLK,INLK,INLK,INLK,INLK,INLK,CNMT,CNMT,INLK,INLK,INLK,INLK,INLK,INLK,MEET,,,,
AKKA,HPHD,CONX,XXXX-XXXX,ARAA,5,,,8,MEET,INLK,INLK,INLK,INLK,INLK,INLK,CNMT,CNMT,INLK,INLK,INLK,INLK,INLK,INLK,MEET,,,,
AKKA,HPHD,CONX,XXXX-XXXX,ARAB,4,,,6,MEET,INLK,INLK,INLK,INLK,INLK,INLK,CNMT,CNMT,INLK,INLK,INLK,INLK,INLK,INLK,MEET,,,,
AKKA,HPHD,CONX,XXXX-XXXX,ARAB,5,,T,8,MEET,INLK,INLK,INLK,INLK,INLK,INLK,CNMT,CNMT,INLK,INLK,INLK,INLK,INLK,INLK,MEET,,,,
AKKA,HPHD,CONX,XXXX-XXXX,ARAB,5,,,8,MEET,INLK,INLK,INLK,INLK,INLK,INLK,CNMT,CNMT,INLK,INLK,INLK,INLK,INLK,INLK,MEET,,,,
AKKA,HPHD,CONY,OXXXX-XXXXO,ARAA,5,,,8,MEET,INLK,INLK,INLK,INLK,INLK,INLK,INLK,INLK,CNMT,CNMT,INLK,INLK,INLK,INLK,INLK,INLK,INLK,INLK,MEET
AKKA,HPHD,CONY,OXXXX-XXXXO,ARAB,5,,,8,MEET,INLK,INLK,INLK,INLK,INLK,INLK,INLK,INLK,CNMT,CNMT,INLK,INLK,INLK,INLK,INLK,INLK,INLK,INLK,MEET
AKKA,STAN,CON1,XO,,2,,,2,MEET,INLK,INLK,MEET,,,,,,,,,,,,,,,,
AKKA,STAN,CON1,XO,,3,,T,3,MEET,INLK,INLK,MEET,,,,,,,,,,,,,,,,
AKKA,STAN,CON1,XO,,3,,,4,MEET,INLK,INLK,MEET,,,,,,,,,,,,,,,,
AKKA,STAN,CON1,XO,,4,,T,5,MEET,INLK,INLK,MEET,,,,,,,,,,,,,,,,
AKKA,STAN,CON1,XO,,4,,,6,MEET,INLK,INLK,MEET,,,,,,,,,,,,,,,,
AKKA,STAN,CON2,OX,,2,,,2,MEET,INLK,INLK,MEET,,,,,,,,,,,,,,,,
AKKA,STAN,CON2,OX,,3,,T,3,MEET,INLK,INLK,MEET,,,,,,,,,,,,,,,,
AKKA,STAN,CON2,OX,,3,,,4,MEET,INLK,INLK,MEET,,,,,,,,,,,,,,,,
AKKA,STAN,CON2,OX,,4,,T,5,MEET,INLK,INLK,MEET,,,,,,,,,,,,,,,,
AKKA,STAN,CON2,OX,,4,,,6,MEET,INLK,INLK,MEET,,,,,,,,,,,,,,,,
AKKA,STAN,CON3,XX,,2,,,2,MEET,INLK,INLK,MEET,,,,,,,,,,,,,,,,
AKKA,STAN,CON3,XX,,3,,T,3,MEET,INLK,INLK,MEET,,,,,,,,,,,,,,,,
AKKA,STAN,CON3,XX,,3,,,4,MEET,INLK,INLK,MEET,,,,,,,,,,,,,,,,
AKKA,STAN,CON3,XX,,4,,T,5,MEET,INLK,INLK,MEET,,,,,,,,,,,,,,,,
AKKA,STAN,CON3,XX,,4,,,6,MEET,INLK,INLK,MEET,,,,,,,,,,,,,,,,
AKKA,STAN,CON4,XXO,,3,,,4,MEET,INLK,INLK,INLK,INLK,MEET,,,,,,,,,,,,,,
AKKA,STAN,CON4,XXO,,4,,T,5,MEET,INLK,INLK,INLK,INLK,MEET,,,,,,,,,,,,,,
AKKA,STAN,CON4,XXO,,4,,,6,MEET,INLK,INLK,INLK,INLK,MEET,,,,,,,,,,,,,,
AKKA,STAN,CON4,XXO,,5,,T,7,MEET,INLK,INLK,INLK,INLK,MEET,,,,,,,,,,,,,,
AKKA,STAN,CON4,XXO,,5,,,8,MEET,INLK,INLK,INLK,INLK,MEET,,,,,,,,,,,,,,
AKKA,STAN,CON5,OXX,,3,,,4,MEET,INLK,INLK,INLK,INLK,MEET,,,,,,,,,,,,,,
AKKA,STAN,CON5,OXX,,4,,T,5,MEET,INLK,INLK,INLK,INLK,MEET,,,,,,,,,,,,,,
AKKA,STAN,CON5,OXX,,4,,,6,MEET,INLK,INLK,INLK,INLK,MEET,,,,,,,,,,,,,,
AKKA,STAN,CON5,OXX,,5,,T,7,MEET,INLK,INLK,INLK,INLK,MEET,,,,,,,,,,,,,,
AKKA,STAN,CON5,OXX,,5,,,8,MEET,INLK,INLK,INLK,INLK,MEET,,,,,,,,,,,,,,
AKKA,STAN,CON6,XXX,ARAA,4,,T,5,MEET,INLK,INLK,INLK,INLK,MEET,,,,,,,,,,,,,,
AKKA,STAN,CON6,XXX,ARAA,4,,,6,MEET,INLK,INLK,INLK,INLK,MEET,,,,,,,,,,,,,,
AKKA,STAN,CON6,XXX,ARAB,4,,T,5,MEET,INLK,INLK,INLK,INLK,MEET,,,,,,,,,,,,,,
AKKA,STAN,CON6,XXX,ARAB,4,,,6,MEET,INLK,INLK,INLK,INLK,MEET,,,,,,,,,,,,,,
AKKA,STAN,CON6,XXX,,3,,,4,MEET,INLK,INLK,INLK,INLK,MEET,,,,,,,,,,,,,,
AKKA,STAN,CON6,XXX,,5,,T,7,MEET,INLK,INLK,INLK,INLK,MEET,,,,,,,,,,,,,,
AKKA,STAN,CON6,XXX,,5,,,8,MEET,INLK,INLK,INLK,INLK,MEET,,,,,,,,,,,,,,
AKKA,STAN,CON7,XOX,,2,,,2,MEET,INLK,INLK,INLK,INLK,MEET,,,,,,,,,,,,,,
AKKA,STAN,CON7,XOX,,3,,T,2,MEET,INLK,INLK,INLK,INLK,MEET,,,,,,,,,,,,,,
AKKA,STAN,CON7,XOX,,3,,,4,MEET,INLK,INLK,INLK,INLK,MEET,,,,,,,,,,,,,,
AKKA,STAN,CONA,XXXX,,4,,,6,MEET,INLK,INLK,INLK,INLK,INLK,INLK,MEET,,,,,,,,,,,,
AKKA,STAN,CONE,XX-X,,2,,,2,MEET,INLK,INLK,CNMT,CNMT,MEET,,,,,,,,,,,,,,
AKKA,STAN,CONE,XX-X,,3,,T,4,MEET,INLK,INLK,CNMT,CNMT,MEET,,,,,,,,,,,,,,
AKKA,STAN,CONE,XX-X,,3,,,4,MEET,INLK,INLK,CNMT,CNMT,MEET,,,,,,,,,,,,,,
AKKA,STAN,CONF,X-XX,,2,,,2,MEET,CNMT,CNMT,INLK,INLK,MEET,,,,,,,,,,,,,,
AKKA,STAN,CONF,X-XX,,3,,T,4,MEET,CNMT,CNMT,INLK,INLK,MEET,,,,,,,,,,,,,,
AKKA,STAN,CONF,X-XX,,3,,,4,MEET,CNMT,CNMT,INLK,INLK,MEET,,,,,,,,,,,,,,
AKKA,STAN,CONG,OX-O,,2,,,2,MEET,INLK,INLK,CNMT,CNMT,MEET,,,,,,,,,,,,,,
AKKA,STAN,CONG,OX-O,,3,,T,4,MEET,INLK,INLK,CNMT,CNMT,MEET,,,,,,,,,,,,,,
AKKA,STAN,CONG,OX-O,,3,,,4,MEET,INLK,INLK,CNMT,CNMT,MEET,,,,,,,,,,,,,,
AKKA,STAN,CONH,O-XO,,2,,,2,MEET,CNMT,CNMT,INLK,INLK,MEET,,,,,,,,,,,,,,
AKKA,STAN,CONH,O-XO,,3,,T,4,MEET,CNMT,CNMT,INLK,INLK,MEET,,,,,,,,,,,,,,
AKKA,STAN,CONH,O-XO,,3,,,4,MEET,CNMT,CNMT,INLK,INLK,MEET,,,,,,,,,,,,,,
AKKA,STAN,CONI,O-XX,,2,,,2,MEET,CNMT,CNMT,INLK,INLK,MEET,,,,,,,,,,,,,,
AKKA,STAN,CONI,O-XX,,3,,T,4,MEET,CNMT,CNMT,INLK,INLK,MEET,,,,,,,,,,,,,,
AKKA,STAN,CONI,O-XX,,3,,,4,MEET,CNMT,CNMT,INLK,INLK,MEET,,,,,,,,,,,,,,
AKKA,STAN,CONJ,XX-O,,2,,,2,MEET,INLK,INLK,CNMT,CNMT,MEET,,,,,,,,,,,,,,
AKKA,STAN,CONJ,XX-O,,3,,T,4,MEET,INLK,INLK,CNMT,CNMT,MEET,,,,,,,,,,,,,,
AKKA,STAN,CONJ,XX-O,,3,,,4,MEET,INLK,INLK,CNMT,CNMT,MEET,,,,,,,,,,,,,,
AKKA,STAN,CONK,XX-XX,ARAA,2,,,2,MEET,INLK,INLK,CNMT,CNMT,INLK,INLK,MEET,,,,,,,,,,,,
AKKA,STAN,CONK,XX-XX,ARAA,3,,T,4,MEET,INLK,INLK,CNMT,CNMT,INLK,INLK,MEET,,,,,,,,,,,,
AKKA,STAN,CONK,XX-XX,ARAA,3,,,4,MEET,INLK,INLK,CNMT,CNMT,INLK,INLK,MEET,,,,,,,,,,,,
AKKA,STAN,CONK,XX-XX,ARAA,4,,T,6,MEET,INLK,INLK,CNMT,CNMT,INLK,INLK,MEET,,,,,,,,,,,,
AKKA,STAN,CONK,XX-XX,ARAA,4,,,6,MEET,INLK,INLK,CNMT,CNMT,INLK,INLK,MEET,,,,,,,,,,,,
AKKA,STAN,CONK,XX-XX,ARAB,2,,,2,MEET,INLK,INLK,CNMT,CNMT,INLK,INLK,MEET,,,,,,,,,,,,
AKKA,STAN,CONK,XX-XX,ARAB,3,,T,4,MEET,INLK,INLK,CNMT,CNMT,INLK,INLK,MEET,,,,,,,,,,,,
AKKA,STAN,CONK,XX-XX,ARAB,3,,,4,MEET,INLK,INLK,CNMT,CNMT,INLK,INLK,MEET,,,,,,,,,,,,
AKKA,STAN,CONK,XX-XX,ARAB,4,,T,6,MEET,INLK,INLK,CNMT,CNMT,INLK,INLK,MEET,,,,,,,,,,,,
AKKA,STAN,CONK,XX-XX,ARAB,4,,,6,MEET,INLK,INLK,CNMT,CNMT,INLK,INLK,MEET,,,,,,,,,,,,
AKKA,STAN,CONL,OX-XO,ARAA,2,,,2,MEET,INLK,INLK,CNMT,CNMT,INLK,INLK,MEET,,,,,,,,,,,,
AKKA,STAN,CONL,OX-XO,ARAA,3,,T,4,MEET,INLK,INLK,CNMT,CNMT,INLK,INLK,MEET,,,,,,,,,,,,
AKKA,STAN,CONL,OX-XO,ARAA,3,,,4,MEET,INLK,INLK,CNMT,CNMT,INLK,INLK,MEET,,,,,,,,,,,,
AKKA,STAN,CONL,OX-XO,ARAA,4,,T,6,MEET,INLK,INLK,CNMT,CNMT,INLK,INLK,MEET,,,,,,,,,,,,
AKKA,STAN,CONL,OX-XO,ARAA,4,,,6,MEET,INLK,INLK,CNMT,CNMT,INLK,INLK,MEET,,,,,,,,,,,,
AKKA,STAN,CONL,OX-XO,ARAB,2,,,2,MEET,INLK,INLK,CNMT,CNMT,INLK,INLK,MEET,,,,,,,,,,,,
AKKA,STAN,CONL,OX-XO,ARAB,3,,T,4,MEET,INLK,INLK,CNMT,CNMT,INLK,INLK,MEET,,,,,,,,,,,,
AKKA,STAN,CONL,OX-XO,ARAB,3,,,4,MEET,INLK,INLK,CNMT,CNMT,INLK,INLK,MEET,,,,,,,,,,,,
AKKA,STAN,CONL,OX-XO,ARAB,4,,T,6,MEET,INLK,INLK,CNMT,CNMT,INLK,INLK,MEET,,,,,,,,,,,,
AKKA,STAN,CONL,OX-XO,ARAB,4,,,6,MEET,INLK,INLK,CNMT,CNMT,INLK,INLK,MEET,,,,,,,,,,,,
AKKA,STAN,CONM,OX-XX,ARAA,2,,,2,MEET,INLK,INLK,CNMT,CNMT,INLK,INLK,MEET,,,,,,,,,,,,
AKKA,STAN,CONM,OX-XX,ARAA,3,,T,4,MEET,INLK,INLK,CNMT,CNMT,INLK,INLK,MEET,,,,,,,,,,,,
AKKA,STAN,CONM,OX-XX,ARAA,3,,,4,MEET,INLK,INLK,CNMT,CNMT,INLK,INLK,MEET,,,,,,,,,,,,
AKKA,STAN,CONM,OX-XX,ARAA,4,,T,6,MEET,INLK,INLK,CNMT,CNMT,INLK,INLK,MEET,,,,,,,,,,,,
AKKA,STAN,CONM,OX-XX,ARAA,4,,,6,MEET,INLK,INLK,CNMT,CNMT,INLK,INLK,MEET,,,,,,,,,,,,
AKKA,STAN,CONM,OX-XX,ARAB,2,,,2,MEET,INLK,INLK,CNMT,CNMT,INLK,INLK,MEET,,,,,,,,,,,,
AKKA,STAN,CONM,OX-XX,ARAB,3,,T,4,MEET,INLK,INLK,CNMT,CNMT,INLK,INLK,MEET,,,,,,,,,,,,
AKKA,STAN,CONM,OX-XX,ARAB,3,,,4,MEET,INLK,INLK,CNMT,CNMT,INLK,INLK,MEET,,,,,,,,,,,,
AKKA,STAN,CONM,OX-XX,ARAB,4,,T,6,MEET,INLK,INLK,CNMT,CNMT,INLK,INLK,MEET,,,,,,,,,,,,
AKKA,STAN,CONM,OX-XX,ARAB,4,,,6,MEET,INLK,INLK,CNMT,CNMT,INLK,INLK,MEET,,,,,,,,,,,,
AKKA,STAN,CONN,XX-XO,ARAA,2,,,2,MEET,INLK,INLK,CNMT,CNMT,INLK,INLK,MEET,,,,,,,,,,,,
AKKA,STAN,CONN,XX-XO,ARAA,3,,T,4,MEET,INLK,INLK,CNMT,CNMT,INLK,INLK,MEET,,,,,,,,,,,,
AKKA,STAN,CONN,XX-XO,ARAA,3,,,4,MEET,INLK,INLK,CNMT,CNMT,INLK,INLK,MEET,,,,,,,,,,,,
AKKA,STAN,CONN,XX-XO,ARAA,4,,T,6,MEET,INLK,INLK,CNMT,CNMT,INLK,INLK,MEET,,,,,,,,,,,,
AKKA,STAN,CONN,XX-XO,ARAA,4,,,6,MEET,INLK,INLK,CNMT,CNMT,INLK,INLK,MEET,,,,,,,,,,,,
AKKA,STAN,CONN,XX-XO,ARAB,2,,,2,MEET,INLK,INLK,CNMT,CNMT,INLK,INLK,MEET,,,,,,,,,,,,
AKKA,STAN,CONN,XX-XO,ARAB,3,,T,4,MEET,INLK,INLK,CNMT,CNMT,INLK,INLK,MEET,,,,,,,,,,,,
AKKA,STAN,CONN,XX-XO,ARAB,3,,,4,MEET,INLK,INLK,CNMT,CNMT,INLK,INLK,MEET,,,,,,,,,,,,
AKKA,STAN,CONN,XX-XO,ARAB,4,,T,6,MEET,INLK,INLK,CNMT,CNMT,INLK,INLK,MEET,,,,,,,,,,,,
AKKA,STAN,CONN,XX-XO,ARAB,4,,,6,MEET,INLK,INLK,CNMT,CNMT,INLK,INLK,MEET,,,,,,,,,,,,
AKKC,HPHD,CON1,XO,,2,,,0,MEET,INLK,INLK,MEET,,,,,,,,,,,,,,,,
AKKC,HPHD,CON1,XO,,3,,T,1,MEET,INLK,INLK,MEET,,,,,,,,,,,,,,,,
AKKC,HPHD,CON1,XO,,3,,,2,MEET,INLK,INLK,MEET,,,,,,,,,,,,,,,,
AKKC,HPHD,CON1,XO,,4,,T,3,MEET,INLK,INLK,MEET,,,,,,,,,,,,,,,,
AKKC,HPHD,CON1,XO,,4,,,4,MEET,INLK,INLK,MEET,,,,,,,,,,,,,,,,
AKKC,HPHD,CON2,OX,,2,,,0,MEET,INLK,INLK,MEET,,,,,,,,,,,,,,,,
AKKC,HPHD,CON2,OX,,3,,T,1,MEET,INLK,INLK,MEET,,,,,,,,,,,,,,,,
AKKC,HPHD,CON2,OX,,3,,,2,MEET,INLK,INLK,MEET,,,,,,,,,,,,,,,,
AKKC,HPHD,CON2,OX,,4,,T,3,MEET,INLK,INLK,MEET,,,,,,,,,,,,,,,,
AKKC,HPHD,CON2,OX,,4,,,4,MEET,INLK,INLK,MEET,,,,,,,,,,,,,,,,
AKKC,HPHD,CON3,XX,,2,,,0,MEET,INLK,INLK,MEET,,,,,,,,,,,,,,,,
AKKC,HPHD,CON3,XX,,3,,T,1,MEET,INLK,INLK,MEET,,,,,,,,,,,,,,,,
AKKC,HPHD,CON3,XX,,3,,,2,MEET,INLK,INLK,MEET,,,,,,,,,,,,,,,,
AKKC,HPHD,CON3,XX,,4,,T,3,MEET,INLK,INLK,MEET,,,,,,,,,,,,,,,,
AKKC,HPHD,CON3,XX,,4,,,4,MEET,INLK,INLK,MEET,,,,,,,,,,,,,,,,
AKKC,HPHD,CON4,XXO,,3,,,2,MEET,INLK,INLK,INLK,INLK,MEET,,,,,,,,,,,,,,
AKKC,HPHD,CON4,XXO,,4,,T,3,MEET,INLK,INLK,INLK,INLK,MEET,,,,,,,,,,,,,,
AKKC,HPHD,CON4,XXO,,4,,,4,MEET,INLK,INLK,INLK,INLK,MEET,,,,,,,,,,,,,,
AKKC,HPHD,CON4,XXO,,5,,T,5,MEET,INLK,INLK,INLK,INLK,MEET,,,,,,,,,,,,,,
AKKC,HPHD,CON4,XXO,,5,,,6,MEET,INLK,INLK,INLK,INLK,MEET,,,,,,,,,,,,,,
AKKC,HPHD,CON5,OXX,,3,,,2,MEET,INLK,INLK,INLK,INLK,MEET,,,,,,,,,,,,,,
AKKC,HPHD,CON5,OXX,,4,,T,3,MEET,INLK,INLK,INLK,INLK,MEET,,,,,,,,,,,,,,
AKKC,HPHD,CON5,OXX,,4,,,4,MEET,INLK,INLK,INLK,INLK,MEET,,,,,,,,,,,,,,
AKKC,HPHD,CON5,OXX,,5,,T,5,MEET,INLK,INLK,INLK,INLK,MEET,,,,,,,,,,,,,,
AKKC,HPHD,CON5,OXX,,5,,,6,MEET,INLK,INLK,INLK,INLK,MEET,,,,,,,,,,,,,,
AKKC,HPHD,CON6,XXX,,3,,,2,MEET,INLK,INLK,INLK,INLK,MEET,,,,,,,,,,,,,,
AKKC,HPHD,CON6,XXX,,4,,T,3,MEET,INLK,INLK,INLK,INLK,MEET,,,,,,,,,,,,,,
AKKC,HPHD,CON6,XXX,,4,,,4,MEET,INLK,INLK,INLK,INLK,MEET,,,,,,,,,,,,,,
AKKC,HPHD,CON6,XXX,,5,,T,5,MEET,INLK,INLK,INLK,INLK,MEET,,,,,,,,,,,,,,
AKKC,HPHD,CON6,XXX,,5,,,6,MEET,INLK,INLK,INLK,INLK,MEET,,,,,,,,,,,,,,
AKKC,HPHD,CON7,XOX,,2,,,0,MEET,INLK,INLK,INLK,INLK,MEET,,,,,,,,,,,,,,
AKKC,HPHD,CON7,XOX,,3,,T,0,MEET,INLK,INLK,INLK,INLK,MEET,,,,,,,,,,,,,,
AKKC,HPHD,CON7,XOX,,3,,,2,MEET,INLK,INLK,INLK,INLK,MEET,,,,,,,,,,,,,,
AKKC,HPHD,CON8,XXXO,,4,,,4,MEET,INLK,INLK,INLK,INLK,INLK,INLK,MEET,,,,,,,,,,,,
AKKC,HPHD,CON8,XXXO,,5,,T,5,MEET,INLK,INLK,INLK,INLK,INLK,INLK,MEET,,,,,,,,,,,,
AKKC,HPHD,CON8,XXXO,,5,,,6,MEET,INLK,INLK,INLK,INLK,INLK,INLK,MEET,,,,,,,,,,,,
AKKC,HPHD,CON9,OXXX,,4,,,4,MEET,INLK,INLK,INLK,INLK,INLK,INLK,MEET,,,,,,,,,,,,
AKKC,HPHD,CON9,OXXX,,5,,T,5,MEET,INLK,INLK,INLK,INLK,INLK,INLK,MEET,,,,,,,,,,,,
AKKC,HPHD,CON9,OXXX,,5,,,6,MEET,INLK,INLK,INLK,INLK,INLK,INLK,MEET,,,,,,,,,,,,
AKKC,HPHD,CONA,XXXX,,4,,,4,MEET,INLK,INLK,INLK,INLK,INLK,INLK,MEET,,,,,,,,,,,,
AKKC,HPHD,CONA,XXXX,,5,,T,5,MEET,INLK,INLK,INLK,INLK,INLK,INLK,MEET,,,,,,,,,,,,
AKKC,HPHD,CONA,XXXX,,5,,,6,MEET,INLK,INLK,INLK,INLK,INLK,INLK,MEET,,,,,,,,,,,,
AKKC,HPHD,CONB,XXXXO,,5,,,6,MEET,INLK,INLK,INLK,INLK,INLK,INLK,INLK,INLK,MEET,,,,,,,,,,
AKKC,HPHD,CONC,OXXXX,,5,,,6,MEET,INLK,INLK,INLK,INLK,INLK,INLK,INLK,INLK,MEET,,,,,,,,,,
AKKC,HPHD,COND,XXXXX,,5,,,6,MEET,INLK,INLK,INLK,INLK,INLK,INLK,INLK,INLK,MEET,,,,,,,,,,
AKKC,HPHD,CONE,XX-X,,2,NEW,,0,MEET,INLK,INLK,CNMT,CNMT,MEET,,,,,,,,,,,,,,
AKKC,HPHD,CONE,XX-X,,2,OLD,,0,MEET,INLK,INLK,CNMT,CNMT,MEET,,,,,,,,,,,,,,
AKKC,HPHD,CONE,XX-X,,3,NEW,T,2,MEET,INLK,INLK,CNMT,CNMT,MEET,,,,,,,,,,,,,,
AKKC,HPHD,CONE,XX-X,,3,NEW,,2,MEET,INLK,INLK,CNMT,CNMT,MEET,,,,,,,,,,,,,,
AKKC,HPHD,CONE,XX-X,,3,OLD,T,2,MEET,INLK,INLK,CNMT,CNMT,MEET,,,,,,,,,,,,,,
AKKC,HPHD,CONE,XX-X,,3,OLD,,2,MEET,INLK,INLK,CNMT,CNMT,MEET,,,,,,,,,,,,,,
AKKC,HPHD,CONF,X-XX,,2,NEW,,0,MEET,CNMT,CNMT,INLK,INLK,MEET,,,,,,,,,,,,,,
AKKC,HPHD,CONF,X-XX,,2,OLD,,0,MEET,CNMT,CNMT,INLK,INLK,MEET,,,,,,,,,,,,,,
AKKC,HPHD,CONF,X-XX,,3,NEW,T,2,MEET,CNMT,CNMT,INLK,INLK,MEET,,,,,,,,,,,,,,
AKKC,HPHD,CONF,X-XX,,3,NEW,,2,MEET,CNMT,CNMT,INLK,INLK,MEET,,,,,,,,,,,,,,
AKKC,HPHD,CONF,X-XX,,3,OLD,T,2,MEET,CNMT,CNMT,INLK,INLK,MEET,,,,,,,,,,,,,,
AKKC,HPHD,CONF,X-XX,,3,OLD,,2,MEET,CNMT,CNMT,INLK,INLK,MEET,,,,,,,,,,,,,,
AKKC,HPHD,CONG,OX-O,,2,NEW,,0,MEET,INLK,INLK,CNMT,CNMT,MEET,,,,,,,,,,,,,,
AKKC,HPHD,CONG,OX-O,,2,OLD,,0,MEET,INLK,INLK,CNMT,CNMT,MEET,,,,,,,,,,,,,,
AKKC,HPHD,CONG,OX-O,,3,NEW,T,2,MEET,INLK,INLK,CNMT,CNMT,MEET,,,,,,,,,,,,,,
AKKC,HPHD,CONG,OX-O,,3,NEW,,2,MEET,INLK,INLK,CNMT,CNMT,MEET,,,,,,,,,,,,,,
AKKC,HPHD,CONG,OX-O,,3,OLD,T,2,MEET,INLK,INLK,CNMT,CNMT,MEET,,,,,,,,,,,,,,
AKKC,HPHD,CONG,OX-O,,3,OLD,,2,MEET,INLK,INLK,CNMT,CNMT,MEET,,,,,,,,,,,,,,
AKKC,HPHD,CONH,O-XO,,2,NEW,,0,MEET,CNMT,CNMT,INLK,INLK,MEET,,,,,,,,,,,,,,
AKKC,HPHD,CONH,O-XO,,2,OLD,,0,MEET,CNMT,CNMT,INLK,INLK,MEET,,,,,,,,,,,,,,
AKKC,HPHD,CONH,O-XO,,3,NEW,T,2,MEET,CNMT,CNMT,INLK,INLK,MEET,,,,,,,,,,,,,,
AKKC,HPHD,CONH,O-XO,,3,NEW,,2,MEET,CNMT,CNMT,INLK,INLK,MEET,,,,,,,,,,,,,,
AKKC,HPHD,CONH,O-XO,,3,OLD,T,2,MEET,CNMT,CNMT,INLK,INLK,MEET,,,,,,,,,,,,,,
AKKC,HPHD,CONH,O-XO,,3,OLD,,2,MEET,CNMT,CNMT,INLK,INLK,MEET,,,,,,,,,,,,,,
AKKC,HPHD,CONI,O-XX,,2,NEW,,0,MEET,CNMT,CNMT,INLK,INLK,MEET,,,,,,,,,,,,,,
AKKC,HPHD,CONI,O-XX,,2,OLD,,0,MEET,CNMT,CNMT,INLK,INLK,MEET,,,,,,,,,,,,,,
AKKC,HPHD,CONI,O-XX,,3,NEW,T,2,MEET,CNMT,CNMT,INLK,INLK,MEET,,,,,,,,,,,,,,
AKKC,HPHD,CONI,O-XX,,3,NEW,,2,MEET,CNMT,CNMT,INLK,INLK,MEET,,,,,,,,,,,,,,
AKKC,HPHD,CONI,O-XX,,3,OLD,T,2,MEET,CNMT,CNMT,INLK,INLK,MEET,,,,,,,,,,,,,,
AKKC,HPHD,CONI,O-XX,,3,OLD,,2,MEET,CNMT,CNMT,INLK,INLK,MEET,,,,,,,,,,,,,,
AKKC,HPHD,CONJ,XX-O,,2,NEW,,0,MEET,INLK,INLK,CNMT,CNMT,MEET,,,,,,,,,,,,,,
AKKC,HPHD,CONJ,XX-O,,2,OLD,,0,MEET,INLK,INLK,CNMT,CNMT,MEET,,,,,,,,,,,,,,
AKKC,HPHD,CONJ,XX-O,,3,NEW,T,2,MEET,INLK,INLK,CNMT,CNMT,MEET,,,,,,,,,,,,,,
AKKC,HPHD,CONJ,XX-O,,3,NEW,,2,MEET,INLK,INLK,CNMT,CNMT,MEET,,,,,,,,,,,,,,
AKKC,HPHD,CONJ,XX-O,,3,OLD,T,2,MEET,INLK,INLK,CNMT,CNMT,MEET,,,,,,,,,,,,,,
AKKC,HPHD,CONJ,XX-O,,3,OLD,,2,MEET,INLK,INLK,CNMT,CNMT,MEET,,,,,,,,,,,,,,
AKKC,HPHD,CONK,XX-XX,ARAA,2,NEW,,0,MEET,INLK,INLK,CNMT,CNMT,INLK,INLK,MEET,,,,,,,,,,,,
AKKC,HPHD,CONK,XX-XX,ARAA,2,OLD,,0,MEET,INLK,INLK,CNMT,CNMT,INLK,INLK,MEET,,,,,,,,,,,,
AKKC,HPHD,CONK,XX-XX,ARAA,3,NEW,T,2,MEET,INLK,INLK,CNMT,CNMT,INLK,INLK,MEET,,,,,,,,,,,,
AKKC,HPHD,CONK,XX-XX,ARAA,3,NEW,,2,MEET,INLK,INLK,CNMT,CNMT,INLK,INLK,MEET,,,,,,,,,,,,
AKKC,HPHD,CONK,XX-XX,ARAA,3,OLD,T,2,MEET,INLK,INLK,CNMT,CNMT,INLK,INLK,MEET,,,,,,,,,,,,
AKKC,HPHD,CONK,XX-XX,ARAA,3,OLD,,2,MEET,INLK,INLK,CNMT,CNMT,INLK,INLK,MEET,,,,,,,,,,,,
AKKC,HPHD,CONK,XX-XX,ARAA,4,NEW,T,4,MEET,INLK,INLK,CNMT,CNMT,INLK,INLK,MEET,,,,,,,,,,,,
AKKC,HPHD,CONK,XX-XX,ARAA,4,NEW,,4,MEET,INLK,INLK,CNMT,CNMT,INLK,INLK,MEET,,,,,,,,,,,,
AKKC,HPHD,CONK,XX-XX,ARAA,4,OLD,T,4,MEET,INLK,INLK,CNMT,CNMT,INLK,INLK,MEET,,,,,,,,,,,,
AKKC,HPHD,CONK,XX-XX,ARAA,4,OLD,,4,MEET,INLK,INLK,CNMT,CNMT,INLK,INLK,MEET,,,,,,,,,,,,
AKKC,HPHD,CONK,XX-XX,ARAB,2,NEW,,0,MEET,INLK,INLK,CNMT,CNMT,INLK,INLK,MEET,,,,,,,,,,,,
AKKC,HPHD,CONK,XX-XX,ARAB,2,OLD,,0,MEET,INLK,INLK,CNMT,CNMT,INLK,INLK,MEET,,,,,,,,,,,,
AKKC,HPHD,CONK,XX-XX,ARAB,3,NEW,T,2,MEET,INLK,INLK,CNMT,CNMT,INLK,INLK,MEET,,,,,,,,,,,,
AKKC,HPHD,CONK,XX-XX,ARAB,3,NEW,,2,MEET,INLK,INLK,CNMT,CNMT,INLK,INLK,MEET,,,,,,,,,,,,
AKKC,HPHD,CONK,XX-XX,ARAB,3,OLD,T,2,MEET,INLK,INLK,CNMT,CNMT,INLK,INLK,MEET,,,,,,,,,,,,
AKKC,HPHD,CONK,XX-XX,ARAB,3,OLD,,2,MEET,INLK,INLK,CNMT,CNMT,INLK,INLK,MEET,,,,,,,,,,,,
AKKC,HPHD,CONK,XX-XX,ARAB,4,NEW,T,4,MEET,INLK,INLK,CNMT,CNMT,INLK,INLK,MEET,,,,,,,,,,,,
AKKC,HPHD,CONK,XX-XX,ARAB,4,NEW,,4,MEET,INLK,INLK,CNMT,CNMT,INLK,INLK,MEET,,,,,,,,,,,,
AKKC,HPHD,CONK,XX-XX,ARAB,4,OLD,T,4,MEET,INLK,INLK,CNMT,CNMT,INLK,INLK,MEET,,,,,,,,,,,,
AKKC,HPHD,CONK,XX-XX,ARAB,4,OLD,,4,MEET,INLK,INLK,CNMT,CNMT,INLK,INLK,MEET,,,,,,,,,,,,
AKKC,HPHD,CONL,OX-XO,ARAA,2,NEW,,0,MEET,INLK,INLK,CNMT,CNMT,INLK,INLK,MEET,,,,,,,,,,,,
AKKC,HPHD,CONL,OX-XO,ARAA,2,OLD,,0,MEET,INLK,INLK,CNMT,CNMT,INLK,INLK,MEET,,,,,,,,,,,,
AKKC,HPHD,CONL,OX-XO,ARAA,3,NEW,T,2,MEET,INLK,INLK,CNMT,CNMT,INLK,INLK,MEET,,,,,,,,,,,,
AKKC,HPHD,CONL,OX-XO,ARAA,3,NEW,,2,MEET,INLK,INLK,CNMT,CNMT,INLK,INLK,MEET,,,,,,,,,,,,
AKKC,HPHD,CONL,OX-XO,ARAA,3,OLD,T,2,MEET,INLK,INLK,CNMT,CNMT,INLK,INLK,MEET,,,,,,,,,,,,
AKKC,HPHD,CONL,OX-XO,ARAA,3,OLD,,2,MEET,INLK,INLK,CNMT,CNMT,INLK,INLK,MEET,,,,,,,,,,,,
AKKC,HPHD,CONL,OX-XO,ARAA,4,NEW,T,4,MEET,INLK,INLK,CNMT,CNMT,INLK,INLK,MEET,,,,,,,,,,,,
AKKC,HPHD,CONL,OX-XO,ARAA,4,NEW,,4,MEET,INLK,INLK,CNMT,CNMT,INLK,INLK,MEET,,,,,,,,,,,,
AKKC,HPHD,CONL,OX-XO,ARAA,4,OLD,T,4,MEET,INLK,INLK,CNMT,CNMT,INLK,INLK,MEET,,,,,,,,,,,,
AKKC,HPHD,CONL,OX-XO,ARAA,4,OLD,,4,MEET,INLK,INLK,CNMT,CNMT,INLK,INLK,MEET,,,,,,,,,,,,
AKKC,HPHD,CONL,OX-XO,ARAB,2,NEW,,0,MEET,INLK,INLK,CNMT,CNMT,INLK,INLK,MEET,,,,,,,,,,,,
AKKC,HPHD,CONL,OX-XO,ARAB,2,OLD,,0,MEET,INLK,INLK,CNMT,CNMT,INLK,INLK,MEET,,,,,,,,,,,,
AKKC,HPHD,CONL,OX-XO,ARAB,3,NEW,T,2,MEET,INLK,INLK,CNMT,CNMT,INLK,INLK,MEET,,,,,,,,,,,,
AKKC,HPHD,CONL,OX-XO,ARAB,3,NEW,,2,MEET,INLK,INLK,CNMT,CNMT,INLK,INLK,MEET,,,,,,,,,,,,
AKKC,HPHD,CONL,OX-XO,ARAB,3,OLD,T,2,MEET,INLK,INLK,CNMT,CNMT,INLK,INLK,MEET,,,,,,,,,,,,
AKKC,HPHD,CONL,OX-XO,ARAB,3,OLD,,2,MEET,INLK,INLK,CNMT,CNMT,INLK,INLK,MEET,,,,,,,,,,,,
AKKC,HPHD,CONL,OX-XO,ARAB,4,NEW,T,4,MEET,INLK,INLK,CNMT,CNMT,INLK,INLK,MEET,,,,,,,,,,,,
AKKC,HPHD,CONL,OX-XO,ARAB,4,NEW,,4,MEET,INLK,INLK,CNMT,CNMT,INLK,INLK,MEET,,,,,,,,,,,,
AKKC,HPHD,CONL,OX-XO,ARAB,4,OLD,T,4,MEET,INLK,INLK,CNMT,CNMT,INLK,INLK,MEET,,,,,,,,,,,,
AKKC,HPHD,CONL,OX-XO,ARAB,4,OLD,,4,MEET,INLK,INLK,CNMT,CNMT,INLK,INLK,MEET,,,,,,,,,,,,
AKKC,HPHD,CONM,OX-XX,ARAA,2,NEW,,0,MEET,INLK,INLK,CNMT,CNMT,INLK,INLK,MEET,,,,,,,,,,,,
AKKC,HPHD,CONM,OX-XX,ARAA,2,OLD,,0,MEET,INLK,INLK,CNMT,CNMT,INLK,INLK,MEET,,,,,,,,,,,,
AKKC,HPHD,CONM,OX-XX,ARAA,3,NEW,T,2,MEET,INLK,INLK,CNMT,CNMT,INLK,INLK,MEET,,,,,,,,,,,,
AKKC,HPHD,CONM,OX-XX,ARAA,3,NEW,,2,MEET,INLK,INLK,CNMT,CNMT,INLK,INLK,MEET,,,,,,,,,,,,
AKKC,HPHD,CONM,OX-XX,ARAA,3,OLD,T,2,MEET,INLK,INLK,CNMT,CNMT,INLK,INLK,MEET,,,,,,,,,,,,
AKKC,HPHD,CONM,OX-XX,ARAA,3,OLD,,2,MEET,INLK,INLK,CNMT,CNMT,INLK,INLK,MEET,,,,,,,,,,,,
AKKC,HPHD,CONM,OX-XX,ARAA,4,NEW,T,4,MEET,INLK,INLK,CNMT,CNMT,INLK,INLK,MEET,,,,,,,,,,,,
AKKC,HPHD,CONM,OX-XX,ARAA,4,NEW,,4,MEET,INLK,INLK,CNMT,CNMT,INLK,INLK,MEET,,,,,,,,,,,,
AKKC,HPHD,CONM,OX-XX,ARAA,4,OLD,T,4,MEET,INLK,INLK,CNMT,CNMT,INLK,INLK,MEET,,,,,,,,,,,,
AKKC,HPHD,CONM,OX-XX,ARAA,4,OLD,,4,MEET,INLK,INLK,CNMT,CNMT,INLK,INLK,MEET,,,,,,,,,,,,
AKKC,HPHD,CONM,OX-XX,ARAB,2,NEW,,0,MEET,INLK,INLK,CNMT,CNMT,INLK,INLK,MEET,,,,,,,,,,,,
AKKC,HPHD,CONM,OX-XX,ARAB,2,OLD,,0,MEET,INLK,INLK,CNMT,CNMT,INLK,INLK,MEET,,,,,,,,,,,,
AKKC,HPHD,CONM,OX-XX,ARAB,3,NEW,T,2,MEET,INLK,INLK,CNMT,CNMT,INLK,INLK,MEET,,,,,,,,,,,,
AKKC,HPHD,CONM,OX-XX,ARAB,3,NEW,,2,MEET,INLK,INLK,CNMT,CNMT,INLK,INLK,MEET,,,,,,,,,,,,
AKKC,HPHD,CONM,OX-XX,ARAB,3,OLD,T,2,MEET,INLK,INLK,CNMT,CNMT,INLK,INLK,MEET,,,,,,,,,,,,
AKKC,HPHD,CONM,OX-XX,ARAB,3,OLD,,2,MEET,INLK,INLK,CNMT,CNMT,INLK,INLK,MEET,,,,,,,,,,,,
AKKC,HPHD,CONM,OX-XX,ARAB,4,NEW,T,4,MEET,INLK,INLK,CNMT,CNMT,INLK,INLK,MEET,,,,,,,,,,,,
AKKC,HPHD,CONM,OX-XX,ARAB,4,NEW,,4,MEET,INLK,INLK,CNMT,CNMT,INLK,INLK,MEET,,,,,,,,,,,,
AKKC,HPHD,CONM,OX-XX,ARAB,4,OLD,T,4,MEET,INLK,INLK,CNMT,CNMT,INLK,INLK,MEET,,,,,,,,,,,,
AKKC,HPHD,CONM,OX-XX,ARAB,4,OLD,,4,MEET,INLK,INLK,CNMT,CNMT,INLK,INLK,MEET,,,,,,,,,,,,
AKKC,HPHD,CONN,XX-XO,ARAA,2,NEW,,0,MEET,INLK,INLK,CNMT,CNMT,INLK,INLK,MEET,,,,,,,,,,,,
AKKC,HPHD,CONN,XX-XO,ARAA,2,OLD,,0,MEET,INLK,INLK,CNMT,CNMT,INLK,INLK,MEET,,,,,,,,,,,,
AKKC,HPHD,CONN,XX-XO,ARAA,3,NEW,T,2,MEET,INLK,INLK,CNMT,CNMT,INLK,INLK,MEET,,,,,,,,,,,,
AKKC,HPHD,CONN,XX-XO,ARAA,3,NEW,,2,MEET,INLK,INLK,CNMT,CNMT,INLK,INLK,MEET,,,,,,,,,,,,
AKKC,HPHD,CONN,XX-XO,ARAA,3,OLD,T,2,MEET,INLK,INLK,CNMT,CNMT,INLK,INLK,MEET,,,,,,,,,,,,
AKKC,HPHD,CONN,XX-XO,ARAA,3,OLD,,2,MEET,INLK,INLK,CNMT,CNMT,INLK,INLK,MEET,,,,,,,,,,,,
AKKC,HPHD,CONN,XX-XO,ARAA,4,NEW,T,4,MEET,INLK,INLK,CNMT,CNMT,INLK,INLK,MEET,,,,,,,,,,,,
AKKC,HPHD,CONN,XX-XO,ARAA,4,NEW,,4,MEET,INLK,INLK,CNMT,CNMT,INLK,INLK,MEET,,,,,,,,,,,,
AKKC,HPHD,CONN,XX-XO,ARAA,4,OLD,T,4,MEET,INLK,INLK,CNMT,CNMT,INLK,INLK,MEET,,,,,,,,,,,,
AKKC,HPHD,CONN,XX-XO,ARAA,4,OLD,,4,MEET,INLK,INLK,CNMT,CNMT,INLK,INLK,MEET,,,,,,,,,,,,
AKKC,HPHD,CONN,XX-XO,ARAB,2,NEW,,0,MEET,INLK,INLK,CNMT,CNMT,INLK,INLK,MEET,,,,,,,,,,,,
AKKC,HPHD,CONN,XX-XO,ARAB,2,OLD,,0,MEET,INLK,INLK,CNMT,CNMT,INLK,INLK,MEET,,,,,,,,,,,,
AKKC,HPHD,CONN,XX-XO,ARAB,3,NEW,T,2,MEET,INLK,INLK,CNMT,CNMT,INLK,INLK,MEET,,,,,,,,,,,,
AKKC,HPHD,CONN,XX-XO,ARAB,3,NEW,,2,MEET,INLK,INLK,CNMT,CNMT,INLK,INLK,MEET,,,,,,,,,,,,
AKKC,HPHD,CONN,XX-XO,ARAB,3,OLD,T,2,MEET,INLK,INLK,CNMT,CNMT,INLK,INLK,MEET,,,,,,,,,,,,
AKKC,HPHD,CONN,XX-XO,ARAB,3,OLD,,2,MEET,INLK,INLK,CNMT,CNMT,INLK,INLK,MEET,,,,,,,,,,,,
AKKC,HPHD,CONN,XX-XO,ARAB,4,NEW,T,4,MEET,INLK,INLK,CNMT,CNMT,INLK,INLK,MEET,,,,,,,,,,,,
AKKC,HPHD,CONN,XX-XO,ARAB,4,NEW,,4,MEET,INLK,INLK,CNMT,CNMT,INLK,INLK,MEET,,,,,,,,,,,,
AKKC,HPHD,CONN,XX-XO,ARAB,4,OLD,T,4,MEET,INLK,INLK,CNMT,CNMT,INLK,INLK,MEET,,,,,,,,,,,,
AKKC,HPHD,CONN,XX-XO,ARAB,4,OLD,,4,MEET,INLK,INLK,CNMT,CNMT,INLK,INLK,MEET,,,,,,,,,,,,
AKKC,HPHD,CONO,OXX-XO,,3,,,2,MEET,INLK,INLK,INLK,INLK,CNMT,CNMT,INLK,INLK,MEET,,,,,,,,,,
AKKC,HPHD,CONP,OX-XXO,,3,,,2,MEET,INLK,INLK,CNMT,CNMT,INLK,INLK,INLK,INLK,MEET,,,,,,,,,,
AKKC,HPHD,CONQ,XXX-XX,,3,,,2,MEET,INLK,INLK,INLK,INLK,CNMT,CNMT,INLK,INLK,MEET,,,,,,,,,,
AKKC,HPHD,CONR,XX-XXX,,3,,,2,MEET,INLK,INLK,CNMT,CNMT,INLK,INLK,INLK,INLK,MEET,,,,,,,,,,
AKKC,HPHD,CONS,OX-XXX,,3,,,2,MEET,INLK,INLK,CNMT,CNMT,INLK,INLK,INLK,INLK,MEET,,,,,,,,,,
AKKC,HPHD,CONT,XXX-XO,,3,,,2,MEET,INLK,INLK,INLK,INLK,CNMT,CNMT,INLK,INLK,MEET,,,,,,,,,,
AKKC,HPHD,CONU,OXX-XXO,ARAA,3,NEW,,2,MEET,INLK,INLK,INLK,INLK,CNMT,CNMT,INLK,INLK,INLK,INLK,MEET,,,,,,,,
AKKC,HPHD,CONU,OXX-XXO,ARAA,3,OLD,,2,MEET,INLK,INLK,INLK,INLK,CNMT,CNMT,INLK,INLK,INLK,INLK,MEET,,,,,,,,
AKKC,HPHD,CONU,OXX-XXO,ARAA,4,NEW,T,4,MEET,INLK,INLK,INLK,INLK,CNMT,CNMT,INLK,INLK,INLK,INLK,MEET,,,,,,,,
AKKC,HPHD,CONU,OXX-XXO,ARAA,4,NEW,,4,MEET,INLK,INLK,INLK,INLK,CNMT,CNMT,INLK,INLK,INLK,INLK,MEET,,,,,,,,
AKKC,HPHD,CONU,OXX-XXO,ARAA,4,OLD,T,4,MEET,INLK,INLK,INLK,INLK,CNMT,CNMT,INLK,INLK,INLK,INLK,MEET,,,,,,,,
AKKC,HPHD,CONU,OXX-XXO,ARAA,4,OLD,,4,MEET,INLK,INLK,INLK,INLK,CNMT,CNMT,INLK,INLK,INLK,INLK,MEET,,,,,,,,
AKKC,HPHD,CONU,OXX-XXO,ARAA,5,NEW,T,6,MEET,INLK,INLK,INLK,INLK,CNMT,CNMT,INLK,INLK,INLK,INLK,MEET,,,,,,,,
AKKC,HPHD,CONU,OXX-XXO,ARAA,5,NEW,,6,MEET,INLK,INLK,INLK,INLK,CNMT,CNMT,INLK,INLK,INLK,INLK,MEET,,,,,,,,
AKKC,HPHD,CONU,OXX-XXO,ARAA,5,OLD,T,6,MEET,INLK,INLK,INLK,INLK,CNMT,CNMT,INLK,INLK,INLK,INLK,MEET,,,,,,,,
AKKC,HPHD,CONU,OXX-XXO,ARAA,5,OLD,,6,MEET,INLK,INLK,INLK,INLK,CNMT,CNMT,INLK,INLK,INLK,INLK,MEET,,,,,,,,
AKKC,HPHD,CONU,OXX-XXO,ARAB,3,NEW,,2,MEET,INLK,INLK,INLK,INLK,CNMT,CNMT,INLK,INLK,INLK,INLK,MEET,,,,,,,,
AKKC,HPHD,CONU,OXX-XXO,ARAB,3,OLD,,2,MEET,INLK,INLK,INLK,INLK,CNMT,CNMT,INLK,INLK,INLK,INLK,MEET,,,,,,,,
AKKC,HPHD,CONU,OXX-XXO,ARAB,4,NEW,T,4,MEET,INLK,INLK,INLK,INLK,CNMT,CNMT,INLK,INLK,INLK,INLK,MEET,,,,,,,,
AKKC,HPHD,CONU,OXX-XXO,ARAB,4,NEW,,4,MEET,INLK,INLK,INLK,INLK,CNMT,CNMT,INLK,INLK,INLK,INLK,MEET,,,,,,,,
AKKC,HPHD,CONU,OXX-XXO,ARAB,4,OLD,T,4,MEET,INLK,INLK,INLK,INLK,CNMT,CNMT,INLK,INLK,INLK,INLK,MEET,,,,,,,,
AKKC,HPHD,CONU,OXX-XXO,ARAB,4,OLD,,4,MEET,INLK,INLK,INLK,INLK,CNMT,CNMT,INLK,INLK,INLK,INLK,MEET,,,,,,,,
AKKC,HPHD,CONU,OXX-XXO,ARAB,5,NEW,T,6,MEET,INLK,INLK,INLK,INLK,CNMT,CNMT,INLK,INLK,INLK,INLK,MEET,,,,,,,,
AKKC,HPHD,CONU,OXX-XXO,ARAB,5,NEW,,6,MEET,INLK,INLK,INLK,INLK,CNMT,CNMT,INLK,INLK,INLK,INLK,MEET,,,,,,,,
AKKC,HPHD,CONU,OXX-XXO,ARAB,5,OLD,T,6,MEET,INLK,INLK,INLK,INLK,CNMT,CNMT,INLK,INLK,INLK,INLK,MEET,,,,,,,,
AKKC,HPHD,CONU,OXX-XXO,ARAB,5,OLD,,6,MEET,INLK,INLK,INLK,INLK,CNMT,CNMT,INLK,INLK,INLK,INLK,MEET,,,,,,,,
AKKC,HPHD,CONV,XXX-XXX,ARAA,3,NEW,,2,MEET,INLK,INLK,INLK,INLK,CNMT,CNMT,INLK,INLK,INLK,INLK,MEET,,,,,,,,
AKKC,HPHD,CONV,XXX-XXX,ARAA,3,OLD,,2,MEET,INLK,INLK,INLK,INLK,CNMT,CNMT,INLK,INLK,INLK,INLK,MEET,,,,,,,,
AKKC,HPHD,CONV,XXX-XXX,ARAA,4,NEW,T,4,MEET,INLK,INLK,INLK,INLK,CNMT,CNMT,INLK,INLK,INLK,INLK,MEET,,,,,,,,
AKKC,HPHD,CONV,XXX-XXX,ARAA,4,NEW,,4,MEET,INLK,INLK,INLK,INLK,CNMT,CNMT,INLK,INLK,INLK,INLK,MEET,,,,,,,,
AKKC,HPHD,CONV,XXX-XXX,ARAA,4,OLD,T,4,MEET,INLK,INLK,INLK,INLK,CNMT,CNMT,INLK,INLK,INLK,INLK,MEET,,,,,,,,
AKKC,HPHD,CONV,XXX-XXX,ARAA,4,OLD,,4,MEET,INLK,INLK,INLK,INLK,CNMT,CNMT,INLK,INLK,INLK,INLK,MEET,,,,,,,,
AKKC,HPHD,CONV,XXX-XXX,ARAA,5,NEW,T,6,MEET,INLK,INLK,INLK,INLK,CNMT,CNMT,INLK,INLK,INLK,INLK,MEET,,,,,,,,
AKKC,HPHD,CONV,XXX-XXX,ARAA,5,NEW,,6,MEET,INLK,INLK,INLK,INLK,CNMT,CNMT,INLK,INLK,INLK,INLK,MEET,,,,,,,,
AKKC,HPHD,CONV,XXX-XXX,ARAA,5,OLD,T,6,MEET,INLK,INLK,INLK,INLK,CNMT,CNMT,INLK,INLK,INLK,INLK,MEET,,,,,,,,
AKKC,HPHD,CONV,XXX-XXX,ARAA,5,OLD,,6,MEET,INLK,INLK,INLK,INLK,CNMT,CNMT,INLK,INLK,INLK,INLK,MEET,,,,,,,,
AKKC,HPHD,CONV,XXX-XXX,ARAB,3,NEW,,2,MEET,INLK,INLK,INLK,INLK,CNMT,CNMT,INLK,INLK,INLK,INLK,MEET,,,,,,,,
AKKC,HPHD,CONV,XXX-XXX,ARAB,3,OLD,,2,MEET,INLK,INLK,INLK,INLK,CNMT,CNMT,INLK,INLK,INLK,INLK,MEET,,,,,,,,
AKKC,HPHD,CONV,XXX-XXX,ARAB,4,NEW,T,4,MEET,INLK,INLK,INLK,INLK,CNMT,CNMT,INLK,INLK,INLK,INLK,MEET,,,,,,,,
AKKC,HPHD,CONV,XXX-XXX,ARAB,4,NEW,,4,MEET,INLK,INLK,INLK,INLK,CNMT,CNMT,INLK,INLK,INLK,INLK,MEET,,,,,,,,
AKKC,HPHD,CONV,XXX-XXX,ARAB,4,OLD,T,4,MEET,INLK,INLK,INLK,INLK,CNMT,CNMT,INLK,INLK,INLK,INLK,MEET,,,,,,,,
AKKC,HPHD,CONV,XXX-XXX,ARAB,4,OLD,,4,MEET,INLK,INLK,INLK,INLK,CNMT,CNMT,INLK,INLK,INLK,INLK,MEET,,,,,,,,
AKKC,HPHD,CONV,XXX-XXX,ARAB,5,NEW,T,6,MEET,INLK,INLK,INLK,INLK,CNMT,CNMT,INLK,INLK,INLK,INLK,MEET,,,,,,,,
AKKC,HPHD,CONV,XXX-XXX,ARAB,5,NEW,,6,MEET,INLK,INLK,INLK,INLK,CNMT,CNMT,INLK,INLK,INLK,INLK,MEET,,,,,,,,
AKKC,HPHD,CONV,XXX-XXX,ARAB,5,OLD,T,6,MEET,INLK,INLK,INLK,INLK,CNMT,CNMT,INLK,INLK,INLK,INLK,MEET,,,,,,,,
AKKC,HPHD,CONV,XXX-XXX,ARAB,5,OLD,,6,MEET,INLK,INLK,INLK,INLK,CNMT,CNMT,INLK,INLK,INLK,INLK,MEET,,,,,,,,
AKKC,HPHD,CONW,OXXX-XXXO,ARAA,4,,,4,MEET,INLK,INLK,INLK,INLK,INLK,INLK,CNMT,CNMT,INLK,INLK,INLK,INLK,INLK,INLK,MEET,,,,
AKKC,HPHD,CONW,OXXX-XXXO,ARAA,5,,T,6,MEET,INLK,INLK,INLK,INLK,INLK,INLK,CNMT,CNMT,INLK,INLK,INLK,INLK,INLK,INLK,MEET,,,,
AKKC,HPHD,CONW,OXXX-XXXO,ARAA,5,,,6,MEET,INLK,INLK,INLK,INLK,INLK,INLK,CNMT,CNMT,INLK,INLK,INLK,INLK,INLK,INLK,MEET,,,,
AKKC,HPHD,CONW,OXXX-XXXO,ARAB,4,,,4,MEET,INLK,INLK,INLK,INLK,INLK,INLK,CNMT,CNMT,INLK,INLK,INLK,INLK,INLK,INLK,MEET,,,,
AKKC,HPHD,CONW,OXXX-XXXO,ARAB,5,,T,6,MEET,INLK,INLK,INLK,INLK,INLK,INLK,CNMT,CNMT,INLK,INLK,INLK,INLK,INLK,INLK,MEET,,,,
AKKC,HPHD,CONW,OXXX-XXXO,ARAB,5,,,6,MEET,INLK,INLK,INLK,INLK,INLK,INLK,CNMT,CNMT,INLK,INLK,INLK,INLK,INLK,INLK,MEET,,,,
AKKC,HPHD,CONX,XXXX-XXXX,ARAA,4,,,4,MEET,INLK,INLK,INLK,INLK,INLK,INLK,CNMT,CNMT,INLK,INLK,INLK,INLK,INLK,INLK,MEET,,,,
AKKC,HPHD,CONX,XXXX-XXXX,ARAA,5,,T,6,MEET,INLK,INLK,INLK,INLK,INLK,INLK,CNMT,CNMT,INLK,INLK,INLK,INLK,INLK,INLK,MEET,,,,
AKKC,HPHD,CONX,XXXX-XXXX,ARAA,5,,,6,MEET,INLK,INLK,INLK,INLK,INLK,INLK,CNMT,CNMT,INLK,INLK,INLK,INLK,INLK,INLK,MEET,,,,
AKKC,HPHD,CONX,XXXX-XXXX,ARAB,4,,,4,MEET,INLK,INLK,INLK,INLK,INLK,INLK,CNMT,CNMT,INLK,INLK,INLK,INLK,INLK,INLK,MEET,,,,
AKKC,HPHD,CONX,XXXX-XXXX,ARAB,5,,T,6,MEET,INLK,INLK,INLK,INLK,INLK,INLK,CNMT,CNMT,INLK,INLK,INLK,INLK,INLK,INLK,MEET,,,,
AKKC,HPHD,CONX,XXXX-XXXX,ARAB,5,,,6,MEET,INLK,INLK,INLK,INLK,INLK,INLK,CNMT,CNMT,INLK,INLK,INLK,INLK,INLK,INLK,MEET,,,,
AKKC,HPHD,CONY,OXXXX-XXXXO,ARAA,5,,,6,MEET,INLK,INLK,INLK,INLK,INLK,INLK,INLK,INLK,CNMT,CNMT,INLK,INLK,INLK,INLK,INLK,INLK,INLK,INLK,MEET
AKKC,HPHD,CONY,OXXXX-XXXXO,ARAB,5,,,6,MEET,INLK,INLK,INLK,INLK,INLK,INLK,INLK,INLK,CNMT,CNMT,INLK,INLK,INLK,INLK,INLK,INLK,INLK,INLK,MEET
AKKC,STAN,CON1,XO,,2,,,0,MEET,INLK,INLK,MEET,,,,,,,,,,,,,,,,
AKKC,STAN,CON1,XO,,3,,T,1,MEET,INLK,INLK,MEET,,,,,,,,,,,,,,,,
AKKC,STAN,CON1,XO,,3,,,2,MEET,INLK,INLK,MEET,,,,,,,,,,,,,,,,
AKKC,STAN,CON1,XO,,4,,T,3,MEET,INLK,INLK,MEET,,,,,,,,,,,,,,,,
AKKC,STAN,CON1,XO,,4,,,4,MEET,INLK,INLK,MEET,,,,,,,,,,,,,,,,
AKKC,STAN,CON2,OX,,2,,,0,MEET,INLK,INLK,MEET,,,,,,,,,,,,,,,,
AKKC,STAN,CON2,OX,,3,,T,1,MEET,INLK,INLK,MEET,,,,,,,,,,,,,,,,
AKKC,STAN,CON2,OX,,3,,,2,MEET,INLK,INLK,MEET,,,,,,,,,,,,,,,,
AKKC,STAN,CON2,OX,,4,,T,3,MEET,INLK,INLK,MEET,,,,,,,,,,,,,,,,
AKKC,STAN,CON2,OX,,4,,,4,MEET,INLK,INLK,MEET,,,,,,,,,,,,,,,,
AKKC,STAN,CON3,XX,ARAA,2,,,0,MEET,INLK,INLK,MEET,,,,,,,,,,,,,,,,
AKKC,STAN,CON3,XX,ARAA,3,,T,1,MEET,INLK,INLK,MEET,,,,,,,,,,,,,,,,
AKKC,STAN,CON3,XX,ARAA,3,,,2,MEET,INLK,INLK,MEET,,,,,,,,,,,,,,,,
AKKC,STAN,CON3,XX,ARAA,4,,T,3,MEET,INLK,INLK,MEET,,,,,,,,,,,,,,,,
AKKC,STAN,CON3,XX,ARAA,4,,,4,MEET,INLK,INLK,MEET,,,,,,,,,,,,,,,,
AKKC,STAN,CON3,XX,ARAB,2,,,0,MEET,INLK,INLK,MEET,,,,,,,,,,,,,,,,
AKKC,STAN,CON3,XX,ARAB,3,,T,1,MEET,INLK,INLK,MEET,,,,,,,,,,,,,,,,
AKKC,STAN,CON3,XX,ARAB,3,,,2,MEET,INLK,INLK,MEET,,,,,,,,,,,,,,,,
AKKC,STAN,CON3,XX,ARAB,4,,T,3,MEET,INLK,INLK,MEET,,,,,,,,,,,,,,,,
AKKC,STAN,CON3,XX,ARAB,4,,,4,MEET,INLK,INLK,MEET,,,,,,,,,,,,,,,,
AKKC,STAN,CON4,XXO,,3,,,2,MEET,INLK,INLK,INLK,INLK,MEET,,,,,,,,,,,,,,
AKKC,STAN,CON4,XXO,,4,,T,3,MEET,INLK,INLK,INLK,INLK,MEET,,,,,,,,,,,,,,
AKKC,STAN,CON4,XXO,,4,,,4,MEET,INLK,INLK,INLK,INLK,MEET,,,,,,,,,,,,,,
AKKC,STAN,CON4,XXO,,5,,T,5,MEET,INLK,INLK,INLK,INLK,MEET,,,,,,,,,,,,,,
AKKC,STAN,CON4,XXO,,5,,,6,MEET,INLK,INLK,INLK,INLK,MEET,,,,,,,,,,,,,,
AKKC,STAN,CON5,OXX,,3,,,2,MEET,INLK,INLK,INLK,INLK,MEET,,,,,,,,,,,,,,
AKKC,STAN,CON5,OXX,,4,,T,3,MEET,INLK,INLK,INLK,INLK,MEET,,,,,,,,,,,,,,
AKKC,STAN,CON5,OXX,,4,,,4,MEET,INLK,INLK,INLK,INLK,MEET,,,,,,,,,,,,,,
AKKC,STAN,CON5,OXX,,5,,T,5,MEET,INLK,INLK,INLK,INLK,MEET,,,,,,,,,,,,,,
AKKC,STAN,CON5,OXX,,5,,,6,MEET,INLK,INLK,INLK,INLK,MEET,,,,,,,,,,,,,,
AKKC,STAN,CON6,XXX,,3,,,2,MEET,INLK,INLK,INLK,INLK,MEET,,,,,,,,,,,,,,
AKKC,STAN,CON6,XXX,,4,,T,3,MEET,INLK,INLK,INLK,INLK,MEET,,,,,,,,,,,,,,
AKKC,STAN,CON6,XXX,,4,,,4,MEET,INLK,INLK,INLK,INLK,MEET,,,,,,,,,,,,,,
AKKC,STAN,CON6,XXX,,5,,T,5,MEET,INLK,INLK,INLK,INLK,MEET,,,,,,,,,,,,,,
AKKC,STAN,CON6,XXX,,5,,,6,MEET,INLK,INLK,INLK,INLK,MEET,,,,,,,,,,,,,,
AKKC,STAN,CON7,XOX,,2,,,0,MEET,INLK,INLK,INLK,INLK,MEET,,,,,,,,,,,,,,
AKKC,STAN,CON7,XOX,,3,,T,0,MEET,INLK,INLK,INLK,INLK,MEET,,,,,,,,,,,,,,
AKKC,STAN,CON7,XOX,,3,,,2,MEET,INLK,INLK,INLK,INLK,MEET,,,,,,,,,,,,,,
AKKC,STAN,CON8,XXXO,,4,,,4,MEET,INLK,INLK,INLK,INLK,INLK,INLK,MEET,,,,,,,,,,,,
AKKC,STAN,CON8,XXXO,,5,,T,5,MEET,INLK,INLK,INLK,INLK,INLK,INLK,MEET,,,,,,,,,,,,
AKKC,STAN,CON8,XXXO,,5,,,6,MEET,INLK,INLK,INLK,INLK,INLK,INLK,MEET,,,,,,,,,,,,
AKKC,STAN,CON9,OXXX,,4,,,4,MEET,INLK,INLK,INLK,INLK,INLK,INLK,MEET,,,,,,,,,,,,
AKKC,STAN,CON9,OXXX,,5,,T,5,MEET,INLK,INLK,INLK,INLK,INLK,INLK,MEET,,,,,,,,,,,,
AKKC,STAN,CON9,OXXX,,5,,,6,MEET,INLK,INLK,INLK,INLK,INLK,INLK,MEET,,,,,,,,,,,,
AKKC,STAN,CONA,XXXX,,4,,,4,MEET,INLK,INLK,INLK,INLK,INLK,INLK,MEET,,,,,,,,,,,,
AKKC,STAN,CONA,XXXX,,5,,T,5,MEET,INLK,INLK,INLK,INLK,INLK,INLK,MEET,,,,,,,,,,,,
AKKC,STAN,CONA,XXXX,,5,,,6,MEET,INLK,INLK,INLK,INLK,INLK,INLK,MEET,,,,,,,,,,,,
AKKC,STAN,CONB,XXXXO,,5,,,6,MEET,INLK,INLK,INLK,INLK,INLK,INLK,INLK,INLK,MEET,,,,,,,,,,
AKKC,STAN,CONC,OXXXX,,5,,,6,MEET,INLK,INLK,INLK,INLK,INLK,INLK,INLK,INLK,MEET,,,,,,,,,,
AKKC,STAN,COND,XXXXX,,5,,,6,MEET,INLK,INLK,INLK,INLK,INLK,INLK,INLK,INLK,MEET,,,,,,,,,,
AKKC,STAN,CONE,XX-X,,2,NEW,,0,MEET,INLK,INLK,CNMT,CNMT,MEET,,,,,,,,,,,,,,
AKKC,STAN,CONE,XX-X,,2,OLD,,0,MEET,INLK,INLK,CNMT,CNMT,MEET,,,,,,,,,,,,,,
AKKC,STAN,CONE,XX-X,,3,NEW,T,2,MEET,INLK,INLK,CNMT,CNMT,MEET,,,,,,,,,,,,,,
AKKC,STAN,CONE,XX-X,,3,NEW,,2,MEET,INLK,INLK,CNMT,CNMT,MEET,,,,,,,,,,,,,,
AKKC,STAN,CONE,XX-X,,3,OLD,T,2,MEET,INLK,INLK,CNMT,CNMT,MEET,,,,,,,,,,,,,,
AKKC,STAN,CONE,XX-X,,3,OLD,,2,MEET,INLK,INLK,CNMT,CNMT,MEET,,,,,,,,,,,,,,
AKKC,STAN,CONF,X-XX,,2,NEW,,0,MEET,CNMT,CNMT,INLK,INLK,MEET,,,,,,,,,,,,,,
AKKC,STAN,CONF,X-XX,,2,OLD,,0,MEET,CNMT,CNMT,INLK,INLK,MEET,,,,,,,,,,,,,,
AKKC,STAN,CONF,X-XX,,3,NEW,T,2,MEET,CNMT,CNMT,INLK,INLK,MEET,,,,,,,,,,,,,,
AKKC,STAN,CONF,X-XX,,3,NEW,,2,MEET,CNMT,CNMT,INLK,INLK,MEET,,,,,,,,,,,,,,
AKKC,STAN,CONF,X-XX,,3,OLD,T,2,MEET,CNMT,CNMT,INLK,INLK,MEET,,,,,,,,,,,,,,
AKKC,STAN,CONF,X-XX,,3,OLD,,2,MEET,CNMT,CNMT,INLK,INLK,MEET,,,,,,,,,,,,,,
AKKC,STAN,CONG,OX-O,,2,NEW,,0,MEET,INLK,INLK,CNMT,CNMT,MEET,,,,,,,,,,,,,,
AKKC,STAN,CONG,OX-O,,2,OLD,,0,MEET,INLK,INLK,CNMT,CNMT,MEET,,,,,,,,,,,,,,
AKKC,STAN,CONG,OX-O,,3,NEW,T,2,MEET,INLK,INLK,CNMT,CNMT,MEET,,,,,,,,,,,,,,
AKKC,STAN,CONG,OX-O,,3,NEW,,2,MEET,INLK,INLK,CNMT,CNMT,MEET,,,,,,,,,,,,,,
AKKC,STAN,CONG,OX-O,,3,OLD,T,2,MEET,INLK,INLK,CNMT,CNMT,MEET,,,,,,,,,,,,,,
AKKC,STAN,CONG,OX-O,,3,OLD,,2,MEET,INLK,INLK,CNMT,CNMT,MEET,,,,,,,,,,,,,,
AKKC,STAN,CONH,O-XO,,2,NEW,,0,MEET,CNMT,CNMT,INLK,INLK,MEET,,,,,,,,,,,,,,
AKKC,STAN,CONH,O-XO,,2,OLD,,0,MEET,CNMT,CNMT,INLK,INLK,MEET,,,,,,,,,,,,,,
AKKC,STAN,CONH,O-XO,,3,NEW,T,2,MEET,CNMT,CNMT,INLK,INLK,MEET,,,,,,,,,,,,,,
AKKC,STAN,CONH,O-XO,,3,NEW,,2,MEET,CNMT,CNMT,INLK,INLK,MEET,,,,,,,,,,,,,,
AKKC,STAN,CONH,O-XO,,3,OLD,T,2,MEET,CNMT,CNMT,INLK,INLK,MEET,,,,,,,,,,,,,,
AKKC,STAN,CONH,O-XO,,3,OLD,,2,MEET,CNMT,CNMT,INLK,INLK,MEET,,,,,,,,,,,,,,
AKKC,STAN,CONI,O-XX,,2,NEW,,0,MEET,CNMT,CNMT,INLK,INLK,MEET,,,,,,,,,,,,,,
AKKC,STAN,CONI,O-XX,,2,OLD,,0,MEET,CNMT,CNMT,INLK,INLK,MEET,,,,,,,,,,,,,,
AKKC,STAN,CONI,O-XX,,3,NEW,T,2,MEET,CNMT,CNMT,INLK,INLK,MEET,,,,,,,,,,,,,,
AKKC,STAN,CONI,O-XX,,3,NEW,,2,MEET,CNMT,CNMT,INLK,INLK,MEET,,,,,,,,,,,,,,
AKKC,STAN,CONI,O-XX,,3,OLD,T,2,MEET,CNMT,CNMT,INLK,INLK,MEET,,,,,,,,,,,,,,
AKKC,STAN,CONI,O-XX,,3,OLD,,2,MEET,CNMT,CNMT,INLK,INLK,MEET,,,,,,,,,,,,,,
AKKC,STAN,CONJ,XX-O,,2,NEW,,0,MEET,INLK,INLK,CNMT,CNMT,MEET,,,,,,,,,,,,,,
AKKC,STAN,CONJ,XX-O,,2,OLD,,0,MEET,INLK,INLK,CNMT,CNMT,MEET,,,,,,,,,,,,,,
AKKC,STAN,CONJ,XX-O,,3,NEW,T,2,MEET,INLK,INLK,CNMT,CNMT,MEET,,,,,,,,,,,,,,
AKKC,STAN,CONJ,XX-O,,3,NEW,,2,MEET,INLK,INLK,CNMT,CNMT,MEET,,,,,,,,,,,,,,
AKKC,STAN,CONJ,XX-O,,3,OLD,T,2,MEET,INLK,INLK,CNMT,CNMT,MEET,,,,,,,,,,,,,,
AKKC,STAN,CONJ,XX-O,,3,OLD,,2,MEET,INLK,INLK,CNMT,CNMT,MEET,,,,,,,,,,,,,,
AKKC,STAN,CONK,XX-XX,ARAA,2,NEW,,0,MEET,INLK,INLK,CNMT,CNMT,INLK,INLK,MEET,,,,,,,,,,,,
AKKC,STAN,CONK,XX-XX,ARAA,2,OLD,,0,MEET,INLK,INLK,CNMT,CNMT,INLK,INLK,MEET,,,,,,,,,,,,
AKKC,STAN,CONK,XX-XX,ARAA,3,NEW,T,2,MEET,INLK,INLK,CNMT,CNMT,INLK,INLK,MEET,,,,,,,,,,,,
AKKC,STAN,CONK,XX-XX,ARAA,3,NEW,,2,MEET,INLK,INLK,CNMT,CNMT,INLK,INLK,MEET,,,,,,,,,,,,
AKKC,STAN,CONK,XX-XX,ARAA,3,OLD,T,2,MEET,INLK,INLK,CNMT,CNMT,INLK,INLK,MEET,,,,,,,,,,,,
AKKC,STAN,CONK,XX-XX,ARAA,3,OLD,,2,MEET,INLK,INLK,CNMT,CNMT,INLK,INLK,MEET,,,,,,,,,,,,
AKKC,STAN,CONK,XX-XX,ARAA,4,NEW,T,4,MEET,INLK,INLK,CNMT,CNMT,INLK,INLK,MEET,,,,,,,,,,,,
AKKC,STAN,CONK,XX-XX,ARAA,4,NEW,,4,MEET,INLK,INLK,CNMT,CNMT,INLK,INLK,MEET,,,,,,,,,,,,
AKKC,STAN,CONK,XX-XX,ARAA,4,OLD,T,4,MEET,INLK,INLK,CNMT,CNMT,INLK,INLK,MEET,,,,,,,,,,,,
AKKC,STAN,CONK,XX-XX,ARAA,4,OLD,,4,MEET,INLK,INLK,CNMT,CNMT,INLK,INLK,MEET,,,,,,,,,,,,
AKKC,STAN,CONK,XX-XX,ARAB,2,NEW,,0,MEET,INLK,INLK,CNMT,CNMT,INLK,INLK,MEET,,,,,,,,,,,,
AKKC,STAN,CONK,XX-XX,ARAB,2,OLD,,0,MEET,INLK,INLK,CNMT,CNMT,INLK,INLK,MEET,,,,,,,,,,,,
AKKC,STAN,CONK,XX-XX,ARAB,3,NEW,T,2,MEET,INLK,INLK,CNMT,CNMT,INLK,INLK,MEET,,,,,,,,,,,,
AKKC,STAN,CONK,XX-XX,ARAB,3,NEW,,2,MEET,INLK,INLK,CNMT,CNMT,INLK,INLK,MEET,,,,,,,,,,,,
AKKC,STAN,CONK,XX-XX,ARAB,3,OLD,T,2,MEET,INLK,INLK,CNMT,CNMT,INLK,INLK,MEET,,,,,,,,,,,,
AKKC,STAN,CONK,XX-XX,ARAB,3,OLD,,2,MEET,INLK,INLK,CNMT,CNMT,INLK,INLK,MEET,,,,,,,,,,,,
AKKC,STAN,CONK,XX-XX,ARAB,4,NEW,T,4,MEET,INLK,INLK,CNMT,CNMT,INLK,INLK,MEET,,,,,,,,,,,,
AKKC,STAN,CONK,XX-XX,ARAB,4,NEW,,4,MEET,INLK,INLK,CNMT,CNMT,INLK,INLK,MEET,,,,,,,,,,,,
AKKC,STAN,CONK,XX-XX,ARAB,4,OLD,T,4,MEET,INLK,INLK,CNMT,CNMT,INLK,INLK,MEET,,,,,,,,,,,,
AKKC,STAN,CONK,XX-XX,ARAB,4,OLD,,4,MEET,INLK,INLK,CNMT,CNMT,INLK,INLK,MEET,,,,,,,,,,,,
AKKC,STAN,CONL,OX-XO,ARAA,2,NEW,,0,MEET,INLK,INLK,CNMT,CNMT,INLK,INLK,MEET,,,,,,,,,,,,
AKKC,STAN,CONL,OX-XO,ARAA,2,OLD,,0,MEET,INLK,INLK,CNMT,CNMT,INLK,INLK,MEET,,,,,,,,,,,,
AKKC,STAN,CONL,OX-XO,ARAA,3,NEW,T,2,MEET,INLK,INLK,CNMT,CNMT,INLK,INLK,MEET,,,,,,,,,,,,
AKKC,STAN,CONL,OX-XO,ARAA,3,NEW,,2,MEET,INLK,INLK,CNMT,CNMT,INLK,INLK,MEET,,,,,,,,,,,,
AKKC,STAN,CONL,OX-XO,ARAA,3,OLD,T,2,MEET,INLK,INLK,CNMT,CNMT,INLK,INLK,MEET,,,,,,,,,,,,
AKKC,STAN,CONL,OX-XO,ARAA,3,OLD,,2,MEET,INLK,INLK,CNMT,CNMT,INLK,INLK,MEET,,,,,,,,,,,,
AKKC,STAN,CONL,OX-XO,ARAA,4,NEW,T,4,MEET,INLK,INLK,CNMT,CNMT,INLK,INLK,MEET,,,,,,,,,,,,
AKKC,STAN,CONL,OX-XO,ARAA,4,NEW,,4,MEET,INLK,INLK,CNMT,CNMT,INLK,INLK,MEET,,,,,,,,,,,,
AKKC,STAN,CONL,OX-XO,ARAA,4,OLD,T,4,MEET,INLK,INLK,CNMT,CNMT,INLK,INLK,MEET,,,,,,,,,,,,
AKKC,STAN,CONL,OX-XO,ARAA,4,OLD,,4,MEET,INLK,INLK,CNMT,CNMT,INLK,INLK,MEET,,,,,,,,,,,,
AKKC,STAN,CONL,OX-XO,ARAB,2,NEW,,0,MEET,INLK,INLK,CNMT,CNMT,INLK,INLK,MEET,,,,,,,,,,,,
AKKC,STAN,CONL,OX-XO,ARAB,2,OLD,,0,MEET,INLK,INLK,CNMT,CNMT,INLK,INLK,MEET,,,,,,,,,,,,
AKKC,STAN,CONL,OX-XO,ARAB,3,NEW,T,2,MEET,INLK,INLK,CNMT,CNMT,INLK,INLK,MEET,,,,,,,,,,,,
AKKC,STAN,CONL,OX-XO,ARAB,3,NEW,,2,MEET,INLK,INLK,CNMT,CNMT,INLK,INLK,MEET,,,,,,,,,,,,
AKKC,STAN,CONL,OX-XO,ARAB,3,OLD,T,2,MEET,INLK,INLK,CNMT,CNMT,INLK,INLK,MEET,,,,,,,,,,,,
AKKC,STAN,CONL,OX-XO,ARAB,3,OLD,,2,MEET,INLK,INLK,CNMT,CNMT,INLK,INLK,MEET,,,,,,,,,,,,
AKKC,STAN,CONL,OX-XO,ARAB,4,NEW,T,4,MEET,INLK,INLK,CNMT,CNMT,INLK,INLK,MEET,,,,,,,,,,,,
AKKC,STAN,CONL,OX-XO,ARAB,4,NEW,,4,MEET,INLK,INLK,CNMT,CNMT,INLK,INLK,MEET,,,,,,,,,,,,
AKKC,STAN,CONL,OX-XO,ARAB,4,OLD,T,4,MEET,INLK,INLK,CNMT,CNMT,INLK,INLK,MEET,,,,,,,,,,,,
AKKC,STAN,CONL,OX-XO,ARAB,4,OLD,,4,MEET,INLK,INLK,CNMT,CNMT,INLK,INLK,MEET,,,,,,,,,,,,
AKKC,STAN,CONM,OX-XX,ARAA,2,NEW,,0,MEET,INLK,INLK,CNMT,CNMT,INLK,INLK,MEET,,,,,,,,,,,,
AKKC,STAN,CONM,OX-XX,ARAA,2,OLD,,0,MEET,INLK,INLK,CNMT,CNMT,INLK,INLK,MEET,,,,,,,,,,,,
AKKC,STAN,CONM,OX-XX,ARAA,3,NEW,T,2,MEET,INLK,INLK,CNMT,CNMT,INLK,INLK,MEET,,,,,,,,,,,,
AKKC,STAN,CONM,OX-XX,ARAA,3,NEW,,2,MEET,INLK,INLK,CNMT,CNMT,INLK,INLK,MEET,,,,,,,,,,,,
AKKC,STAN,CONM,OX-XX,ARAA,3,OLD,T,2,MEET,INLK,INLK,CNMT,CNMT,INLK,INLK,MEET,,,,,,,,,,,,
AKKC,STAN,CONM,OX-XX,ARAA,3,OLD,,2,MEET,INLK,INLK,CNMT,CNMT,INLK,INLK,MEET,,,,,,,,,,,,
AKKC,STAN,CONM,OX-XX,ARAA,4,NEW,T,4,MEET,INLK,INLK,CNMT,CNMT,INLK,INLK,MEET,,,,,,,,,,,,
AKKC,STAN,CONM,OX-XX,ARAA,4,NEW,,4,MEET,INLK,INLK,CNMT,CNMT,INLK,INLK,MEET,,,,,,,,,,,,
AKKC,STAN,CONM,OX-XX,ARAA,4,OLD,T,4,MEET,INLK,INLK,CNMT,CNMT,INLK,INLK,MEET,,,,,,,,,,,,
AKKC,STAN,CONM,OX-XX,ARAA,4,OLD,,4,MEET,INLK,INLK,CNMT,CNMT,INLK,INLK,MEET,,,,,,,,,,,,
AKKC,STAN,CONM,OX-XX,ARAB,2,NEW,,0,MEET,INLK,INLK,CNMT,CNMT,INLK,INLK,MEET,,,,,,,,,,,,
AKKC,STAN,CONM,OX-XX,ARAB,2,OLD,,0,MEET,INLK,INLK,CNMT,CNMT,INLK,INLK,MEET,,,,,,,,,,,,
AKKC,STAN,CONM,OX-XX,ARAB,3,NEW,T,2,MEET,INLK,INLK,CNMT,CNMT,INLK,INLK,MEET,,,,,,,,,,,,
AKKC,STAN,CONM,OX-XX,ARAB,3,NEW,,2,MEET,INLK,INLK,CNMT,CNMT,INLK,INLK,MEET,,,,,,,,,,,,
AKKC,STAN,CONM,OX-XX,ARAB,3,OLD,T,2,MEET,INLK,INLK,CNMT,CNMT,INLK,INLK,MEET,,,,,,,,,,,,
AKKC,STAN,CONM,OX-XX,ARAB,3,OLD,,2,MEET,INLK,INLK,CNMT,CNMT,INLK,INLK,MEET,,,,,,,,,,,,
AKKC,STAN,CONM,OX-XX,ARAB,4,NEW,T,4,MEET,INLK,INLK,CNMT,CNMT,INLK,INLK,MEET,,,,,,,,,,,,
AKKC,STAN,CONM,OX-XX,ARAB,4,NEW,,4,MEET,INLK,INLK,CNMT,CNMT,INLK,INLK,MEET,,,,,,,,,,,,
AKKC,STAN,CONM,OX-XX,ARAB,4,OLD,T,4,MEET,INLK,INLK,CNMT,CNMT,INLK,INLK,MEET,,,,,,,,,,,,
AKKC,STAN,CONM,OX-XX,ARAB,4,OLD,,4,MEET,INLK,INLK,CNMT,CNMT,INLK,INLK,MEET,,,,,,,,,,,,
AKKC,STAN,CONN,XX-XO,ARAA,2,NEW,,0,MEET,INLK,INLK,CNMT,CNMT,INLK,INLK,MEET,,,,,,,,,,,,
AKKC,STAN,CONN,XX-XO,ARAA,2,OLD,,0,MEET,INLK,INLK,CNMT,CNMT,INLK,INLK,MEET,,,,,,,,,,,,
AKKC,STAN,CONN,XX-XO,ARAA,3,NEW,T,2,MEET,INLK,INLK,CNMT,CNMT,INLK,INLK,MEET,,,,,,,,,,,,
AKKC,STAN,CONN,XX-XO,ARAA,3,NEW,,2,MEET,INLK,INLK,CNMT,CNMT,INLK,INLK,MEET,,,,,,,,,,,,
AKKC,STAN,CONN,XX-XO,ARAA,3,OLD,T,2,MEET,INLK,INLK,CNMT,CNMT,INLK,INLK,MEET,,,,,,,,,,,,
AKKC,STAN,CONN,XX-XO,ARAA,3,OLD,,2,MEET,INLK,INLK,CNMT,CNMT,INLK,INLK,MEET,,,,,,,,,,,,
AKKC,STAN,CONN,XX-XO,ARAA,4,NEW,T,4,MEET,INLK,INLK,CNMT,CNMT,INLK,INLK,MEET,,,,,,,,,,,,
AKKC,STAN,CONN,XX-XO,ARAA,4,NEW,,4,MEET,INLK,INLK,CNMT,CNMT,INLK,INLK,MEET,,,,,,,,,,,,
AKKC,STAN,CONN,XX-XO,ARAA,4,OLD,T,4,MEET,INLK,INLK,CNMT,CNMT,INLK,INLK,MEET,,,,,,,,,,,,
AKKC,STAN,CONN,XX-XO,ARAA,4,OLD,,4,MEET,INLK,INLK,CNMT,CNMT,INLK,INLK,MEET,,,,,,,,,,,,
AKKC,STAN,CONN,XX-XO,ARAB,2,NEW,,0,MEET,INLK,INLK,CNMT,CNMT,INLK,INLK,MEET,,,,,,,,,,,,
AKKC,STAN,CONN,XX-XO,ARAB,2,OLD,,0,MEET,INLK,INLK,CNMT,CNMT,INLK,INLK,MEET,,,,,,,,,,,,
AKKC,STAN,CONN,XX-XO,ARAB,3,NEW,T,2,MEET,INLK,INLK,CNMT,CNMT,INLK,INLK,MEET,,,,,,,,,,,,
AKKC,STAN,CONN,XX-XO,ARAB,3,NEW,,2,MEET,INLK,INLK,CNMT,CNMT,INLK,INLK,MEET,,,,,,,,,,,,
AKKC,STAN,CONN,XX-XO,ARAB,3,OLD,T,2,MEET,INLK,INLK,CNMT,CNMT,INLK,INLK,MEET,,,,,,,,,,,,
AKKC,STAN,CONN,XX-XO,ARAB,3,OLD,,2,MEET,INLK,INLK,CNMT,CNMT,INLK,INLK,MEET,,,,,,,,,,,,
AKKC,STAN,CONN,XX-XO,ARAB,4,NEW,T,4,MEET,INLK,INLK,CNMT,CNMT,INLK,INLK,MEET,,,,,,,,,,,,
AKKC,STAN,CONN,XX-XO,ARAB,4,NEW,,4,MEET,INLK,INLK,CNMT,CNMT,INLK,INLK,MEET,,,,,,,,,,,,
AKKC,STAN,CONN,XX-XO,ARAB,4,OLD,T,4,MEET,INLK,INLK,CNMT,CNMT,INLK,INLK,MEET,,,,,,,,,,,,
AKKC,STAN,CONN,XX-XO,ARAB,4,OLD,,4,MEET,INLK,INLK,CNMT,CNMT,INLK,INLK,MEET,,,,,,,,,,,,
AKKC,STAN,CONO,OXX-XO,,3,,,2,MEET,INLK,INLK,INLK,INLK,CNMT,CNMT,INLK,INLK,MEET,,,,,,,,,,
AKKC,STAN,CONP,OX-XXO,,3,,,2,MEET,INLK,INLK,CNMT,CNMT,INLK,INLK,INLK,INLK,MEET,,,,,,,,,,
AKKC,STAN,CONQ,XXX-XX,,3,,,2,MEET,INLK,INLK,INLK,INLK,CNMT,CNMT,INLK,INLK,MEET,,,,,,,,,,
AKKC,STAN,CONR,XX-XXX,,3,,,2,MEET,INLK,INLK,CNMT,CNMT,INLK,INLK,INLK,INLK,MEET,,,,,,,,,,
AKKC,STAN,CONS,OX-XXX,,3,,,2,MEET,INLK,INLK,CNMT,CNMT,INLK,INLK,INLK,INLK,MEET,,,,,,,,,,
AKKC,STAN,CONT,XXX-XO,,3,,,2,MEET,INLK,INLK,INLK,INLK,CNMT,CNMT,INLK,INLK,MEET,,,,,,,,,,
AKKC,STAN,CONU,OXX-XXO,ARAA,3,NEW,,2,MEET,INLK,INLK,INLK,INLK,CNMT,CNMT,INLK,INLK,INLK,INLK,MEET,,,,,,,,
AKKC,STAN,CONU,OXX-XXO,ARAA,3,OLD,,2,MEET,INLK,INLK,INLK,INLK,CNMT,CNMT,INLK,INLK,INLK,INLK,MEET,,,,,,,,
AKKC,STAN,CONU,OXX-XXO,ARAA,4,NEW,T,4,MEET,INLK,INLK,INLK,INLK,CNMT,CNMT,INLK,INLK,INLK,INLK,MEET,,,,,,,,
AKKC,STAN,CONU,OXX-XXO,ARAA,4,NEW,,4,MEET,INLK,INLK,INLK,INLK,CNMT,CNMT,INLK,INLK,INLK,INLK,MEET,,,,,,,,
AKKC,STAN,CONU,OXX-XXO,ARAA,4,OLD,T,4,MEET,INLK,INLK,INLK,INLK,CNMT,CNMT,INLK,INLK,INLK,INLK,MEET,,,,,,,,
AKKC,STAN,CONU,OXX-XXO,ARAA,4,OLD,,4,MEET,INLK,INLK,INLK,INLK,CNMT,CNMT,INLK,INLK,INLK,INLK,MEET,,,,,,,,
AKKC,STAN,CONU,OXX-XXO,ARAA,5,NEW,T,6,MEET,INLK,INLK,INLK,INLK,CNMT,CNMT,INLK,INLK,INLK,INLK,MEET,,,,,,,,
AKKC,STAN,CONU,OXX-XXO,ARAA,5,NEW,,6,MEET,INLK,INLK,INLK,INLK,CNMT,CNMT,INLK,INLK,INLK,INLK,MEET,,,,,,,,
AKKC,STAN,CONU,OXX-XXO,ARAA,5,OLD,T,6,MEET,INLK,INLK,INLK,INLK,CNMT,CNMT,INLK,INLK,INLK,INLK,MEET,,,,,,,,
AKKC,STAN,CONU,OXX-XXO,ARAA,5,OLD,,6,MEET,INLK,INLK,INLK,INLK,CNMT,CNMT,INLK,INLK,INLK,INLK,MEET,,,,,,,,
AKKC,STAN,CONU,OXX-XXO,ARAB,3,NEW,,2,MEET,INLK,INLK,INLK,INLK,CNMT,CNMT,INLK,INLK,INLK,INLK,MEET,,,,,,,,
AKKC,STAN,CONU,OXX-XXO,ARAB,3,OLD,,2,MEET,INLK,INLK,INLK,INLK,CNMT,CNMT,INLK,INLK,INLK,INLK,MEET,,,,,,,,
AKKC,STAN,CONU,OXX-XXO,ARAB,4,NEW,T,4,MEET,INLK,INLK,INLK,INLK,CNMT,CNMT,INLK,INLK,INLK,INLK,MEET,,,,,,,,
AKKC,STAN,CONU,OXX-XXO,ARAB,4,NEW,,4,MEET,INLK,INLK,INLK,INLK,CNMT,CNMT,INLK,INLK,INLK,INLK,MEET,,,,,,,,
AKKC,STAN,CONU,OXX-XXO,ARAB,4,OLD,T,4,MEET,INLK,INLK,INLK,INLK,CNMT,CNMT,INLK,INLK,INLK,INLK,MEET,,,,,,,,
AKKC,STAN,CONU,OXX-XXO,ARAB,4,OLD,,4,MEET,INLK,INLK,INLK,INLK,CNMT,CNMT,INLK,INLK,INLK,INLK,MEET,,,,,,,,
AKKC,STAN,CONU,OXX-XXO,ARAB,5,NEW,T,6,MEET,INLK,INLK,INLK,INLK,CNMT,CNMT,INLK,INLK,INLK,INLK,MEET,,,,,,,,
AKKC,STAN,CONU,OXX-XXO,ARAB,5,NEW,,6,MEET,INLK,INLK,INLK,INLK,CNMT,CNMT,INLK,INLK,INLK,INLK,MEET,,,,,,,,
AKKC,STAN,CONU,OXX-XXO,ARAB,5,OLD,T,6,MEET,INLK,INLK,INLK,INLK,CNMT,CNMT,INLK,INLK,INLK,INLK,MEET,,,,,,,,
AKKC,STAN,CONU,OXX-XXO,ARAB,5,OLD,,6,MEET,INLK,INLK,INLK,INLK,CNMT,CNMT,INLK,INLK,INLK,INLK,MEET,,,,,,,,
AKKC,STAN,CONV,XXX-XXX,ARAA,3,NEW,,2,MEET,INLK,INLK,INLK,INLK,CNMT,CNMT,INLK,INLK,INLK,INLK,MEET,,,,,,,,
AKKC,STAN,CONV,XXX-XXX,ARAA,3,OLD,,2,MEET,INLK,INLK,INLK,INLK,CNMT,CNMT,INLK,INLK,INLK,INLK,MEET,,,,,,,,
AKKC,STAN,CONV,XXX-XXX,ARAA,4,NEW,T,4,MEET,INLK,INLK,INLK,INLK,CNMT,CNMT,INLK,INLK,INLK,INLK,MEET,,,,,,,,
AKKC,STAN,CONV,XXX-XXX,ARAA,4,NEW,,4,MEET,INLK,INLK,INLK,INLK,CNMT,CNMT,INLK,INLK,INLK,INLK,MEET,,,,,,,,
AKKC,STAN,CONV,XXX-XXX,ARAA,4,OLD,T,4,MEET,INLK,INLK,INLK,INLK,CNMT,CNMT,INLK,INLK,INLK,INLK,MEET,,,,,,,,
AKKC,STAN,CONV,XXX-XXX,ARAA,4,OLD,,4,MEET,INLK,INLK,INLK,INLK,CNMT,CNMT,INLK,INLK,INLK,INLK,MEET,,,,,,,,
AKKC,STAN,CONV,XXX-XXX,ARAA,5,NEW,T,6,MEET,INLK,INLK,INLK,INLK,CNMT,CNMT,INLK,INLK,INLK,INLK,MEET,,,,,,,,
AKKC,STAN,CONV,XXX-XXX,ARAA,5,NEW,,6,MEET,INLK,INLK,INLK,INLK,CNMT,CNMT,INLK,INLK,INLK,INLK,MEET,,,,,,,,
AKKC,STAN,CONV,XXX-XXX,ARAA,5,OLD,T,6,MEET,INLK,INLK,INLK,INLK,CNMT,CNMT,INLK,INLK,INLK,INLK,MEET,,,,,,,,
AKKC,STAN,CONV,XXX-XXX,ARAA,5,OLD,,6,MEET,INLK,INLK,INLK,INLK,CNMT,CNMT,INLK,INLK,INLK,INLK,MEET,,,,,,,,
AKKC,STAN,CONV,XXX-XXX,ARAB,3,NEW,,2,MEET,INLK,INLK,INLK,INLK,CNMT,CNMT,INLK,INLK,INLK,INLK,MEET,,,,,,,,
AKKC,STAN,CONV,XXX-XXX,ARAB,3,OLD,,2,MEET,INLK,INLK,INLK,INLK,CNMT,CNMT,INLK,INLK,INLK,INLK,MEET,,,,,,,,
AKKC,STAN,CONV,XXX-XXX,ARAB,4,NEW,T,4,MEET,INLK,INLK,INLK,INLK,CNMT,CNMT,INLK,INLK,INLK,INLK,MEET,,,,,,,,
AKKC,STAN,CONV,XXX-XXX,ARAB,4,NEW,,4,MEET,INLK,INLK,INLK,INLK,CNMT,CNMT,INLK,INLK,INLK,INLK,MEET,,,,,,,,
AKKC,STAN,CONV,XXX-XXX,ARAB,4,OLD,T,4,MEET,INLK,INLK,INLK,INLK,CNMT,CNMT,INLK,INLK,INLK,INLK,MEET,,,,,,,,
AKKC,STAN,CONV,XXX-XXX,ARAB,4,OLD,,4,MEET,INLK,INLK,INLK,INLK,CNMT,CNMT,INLK,INLK,INLK,INLK,MEET,,,,,,,,
AKKC,STAN,CONV,XXX-XXX,ARAB,5,NEW,T,6,MEET,INLK,INLK,INLK,INLK,CNMT,CNMT,INLK,INLK,INLK,INLK,MEET,,,,,,,,
AKKC,STAN,CONV,XXX-XXX,ARAB,5,NEW,,6,MEET,INLK,INLK,INLK,INLK,CNMT,CNMT,INLK,INLK,INLK,INLK,MEET,,,,,,,,
AKKC,STAN,CONV,XXX-XXX,ARAB,5,OLD,T,6,MEET,INLK,INLK,INLK,INLK,CNMT,CNMT,INLK,INLK,INLK,INLK,MEET,,,,,,,,
AKKC,STAN,CONV,XXX-XXX,ARAB,5,OLD,,6,MEET,INLK,INLK,INLK,INLK,CNMT,CNMT,INLK,INLK,INLK,INLK,MEET,,,,,,,,
AKKC,STAN,CONW,OXXX-XXXO,ARAA,4,,,4,MEET,INLK,INLK,INLK,INLK,INLK,INLK,CNMT,CNMT,INLK,INLK,INLK,INLK,INLK,INLK,MEET,,,,
AKKC,STAN,CONW,OXXX-XXXO,ARAA,5,,T,6,MEET,INLK,INLK,INLK,INLK,INLK,INLK,CNMT,CNMT,INLK,INLK,INLK,INLK,INLK,INLK,MEET,,,,
AKKC,STAN,CONW,OXXX-XXXO,ARAA,5,,,6,MEET,INLK,INLK,INLK,INLK,INLK,INLK,CNMT,CNMT,INLK,INLK,INLK,INLK,INLK,INLK,MEET,,,,
AKKC,STAN,CONW,OXXX-XXXO,ARAB,4,,,4,MEET,INLK,INLK,INLK,INLK,INLK,INLK,CNMT,CNMT,INLK,INLK,INLK,INLK,INLK,INLK,MEET,,,,
AKKC,STAN,CONW,OXXX-XXXO,ARAB,5,,T,6,MEET,INLK,INLK,INLK,INLK,INLK,INLK,CNMT,CNMT,INLK,INLK,INLK,INLK,INLK,INLK,MEET,,,,
AKKC,STAN,CONW,OXXX-XXXO,ARAB,5,,,6,MEET,INLK,INLK,INLK,INLK,INLK,INLK,CNMT,CNMT,INLK,INLK,INLK,INLK,INLK,INLK,MEET,,,,
AKKC,STAN,CONX,XXXX-XXXX,ARAA,4,,,4,MEET,INLK,INLK,INLK,INLK,INLK,INLK,CNMT,CNMT,INLK,INLK,INLK,INLK,INLK,INLK,MEET,,,,
AKKC,STAN,CONX,XXXX-XXXX,ARAA,5,,T,6,MEET,INLK,INLK,INLK,INLK,INLK,INLK,CNMT,CNMT,INLK,INLK,INLK,INLK,INLK,INLK,MEET,,,,
AKKC,STAN,CONX,XXXX-XXXX,ARAA,5,,,6,MEET,INLK,INLK,INLK,INLK,INLK,INLK,CNMT,CNMT,INLK,INLK,INLK,INLK,INLK,INLK,MEET,,,,
AKKC,STAN,CONX,XXXX-XXXX,ARAB,4,,,4,MEET,INLK,INLK,INLK,INLK,INLK,INLK,CNMT,CNMT,INLK,INLK,INLK,INLK,INLK,INLK,MEET,,,,
AKKC,STAN,CONX,XXXX-XXXX,ARAB,5,,T,6,MEET,INLK,INLK,INLK,INLK,INLK,INLK,CNMT,CNMT,INLK,INLK,INLK,INLK,INLK,INLK,MEET,,,,
AKKC,STAN,CONX,XXXX-XXXX,ARAB,5,,,6,MEET,INLK,INLK,INLK,INLK,INLK,INLK,CNMT,CNMT,INLK,INLK,INLK,INLK,INLK,INLK,MEET,,,,
AKKC,STAN,CONY,OXXXX-XXXXO,ARAA,5,,,6,MEET,INLK,INLK,INLK,INLK,INLK,INLK,INLK,INLK,CNMT,CNMT,INLK,INLK,INLK,INLK,INLK,INLK,INLK,INLK,MEET
AKKC,STAN,CONY,OXXXX-XXXXO,ARAB,5,,,6,MEET,INLK,INLK,INLK,INLK,INLK,INLK,INLK,INLK,CNMT,CNMT,INLK,INLK,INLK,INLK,INLK,INLK,INLK,INLK,MEET
AKKC,STAN,CONZ,PX,,2,,,0,INLK,MEET,,,,,,,,,,,,,,,,,,
AKKC,STAN,CONZ,PX,,3,,T,0,INLK,MEET,,,,,,,,,,,,,,,,,,
AKKC,STAN,CONZ,PX,,3,,,1,INLK,MEET,,,,,,,,,,,,,,,,,,
AKKC,STAN,COP1,XP,,2,,,0,MEET,INLK,,,,,,,,,,,,,,,,,,
AKKC,STAN,COP1,XP,,3,,T,0,MEET,INLK,,,,,,,,,,,,,,,,,,
AKKC,STAN,COP1,XP,,3,,,1,MEET,INLK,,,,,,,,,,,,,,,,,,
AKKC,STAN,COP2,PXX,,2,,,0,INLK,INLK,INLK,MEET,,,,,,,,,,,,,,,,
AKKC,STAN,COP2,PXX,,3,,T,0,INLK,INLK,INLK,MEET,,,,,,,,,,,,,,,,
AKKC,STAN,COP2,PXX,,3,,,1,INLK,INLK,INLK,MEET,,,,,,,,,,,,,,,,
AKKC,STAN,COP3,XXP,,2,,,0,MEET,INLK,INLK,INLK,,,,,,,,,,,,,,,,
AKKC,STAN,COP3,XXP,,3,,T,0,MEET,INLK,INLK,INLK,,,,,,,,,,,,,,,,
AKKC,STAN,COP3,XXP,,3,,,1,MEET,INLK,INLK,INLK,,,,,,,,,,,,,,,,
AKKC,STAN,COP4,PXXX,,3,,,1,INLK,INLK,INLK,INLK,INLK,MEET,,,,,,,,,,,,,,
AKKC,STAN,COP4,PXXX,,4,,T,1,INLK,INLK,INLK,INLK,INLK,MEET,,,,,,,,,,,,,,
AKKC,STAN,COP4,PXXX,,4,,,2,INLK,INLK,INLK,INLK,INLK,MEET,,,,,,,,,,,,,,
AKKC,STAN,COP5,XXXP,,3,,,1,MEET,INLK,INLK,INLK,INLK,INLK,,,,,,,,,,,,,,
AKKC,STAN,COP5,XXXP,,4,,T,1,MEET,INLK,INLK,INLK,INLK,INLK,,,,,,,,,,,,,,
AKKC,STAN,COP5,XXXP,,4,,,2,MEET,INLK,INLK,INLK,INLK,INLK,,,,,,,,,,,,,,
AKKC,STAN,COP6,PXXXX,,4,,,2,INLK,INLK,INLK,INLK,INLK,INLK,INLK,MEET,,,,,,,,,,,,
AKKC,STAN,COP6,PXXXX,,5,,T,2,INLK,INLK,INLK,INLK,INLK,INLK,INLK,MEET,,,,,,,,,,,,
AKKC,STAN,COP6,PXXXX,,5,,,3,INLK,INLK,INLK,INLK,INLK,INLK,INLK,MEET,,,,,,,,,,,,
AKKC,STAN,COP7,XXXXP,,4,,,2,MEET,INLK,INLK,INLK,INLK,INLK,INLK,INLK,,,,,,,,,,,,
AKKC,STAN,COP7,XXXXP,,5,,T,2,MEET,INLK,INLK,INLK,INLK,INLK,INLK,INLK,,,,,,,,,,,,
AKKC,STAN,COP7,XXXXP,,5,,,3,MEET,INLK,INLK,INLK,INLK,INLK,INLK,INLK,,,,,,,,,,,,
AKKC,STAN,COP8,PX-XP,,2,NEW,,0,INLK,CNMT,CNMT,INLK,,,,,,,,,,,,,,,,
AKKC,STAN,COP8,PX-XP,,2,OLD,,0,INLK,CNMT,CNMT,INLK,,,,,,,,,,,,,,,,
AKKC,STAN,COP8,PX-XP,,3,NEW,T,0,INLK,CNMT,CNMT,INLK,,,,,,,,,,,,,,,,
AKKC,STAN,COP8,PX-XP,,3,NEW,,0,INLK,CNMT,CNMT,INLK,,,,,,,,,,,,,,,,
AKKC,STAN,COP8,PX-XP,,3,OLD,T,0,INLK,CNMT,CNMT,INLK,,,,,,,,,,,,,,,,
AKKC,STAN,COP8,PX-XP,,3,OLD,,0,INLK,CNMT,CNMT,INLK,,,,,,,,,,,,,,,,
AKKC,STAN,COP9,PXX-XXP,,2,NEW,T,0,INLK,INLK,INLK,CNMT,CNMT,INLK,INLK,INLK,,,,,,,,,,,,
AKKC,STAN,COP9,PXX-XXP,,2,NEW,,0,INLK,INLK,INLK,CNMT,CNMT,INLK,INLK,INLK,,,,,,,,,,,,
AKKC,STAN,COP9,PXX-XXP,,2,OLD,T,0,INLK,INLK,INLK,CNMT,CNMT,INLK,INLK,INLK,,,,,,,,,,,,
AKKC,STAN,COP9,PXX-XXP,,2,OLD,,0,INLK,INLK,INLK,CNMT,CNMT,INLK,INLK,INLK,,,,,,,,,,,,
AKKC,STAN,COP9,PXX-XXP,,3,NEW,T,0,INLK,INLK,INLK,CNMT,CNMT,INLK,INLK,INLK,,,,,,,,,,,,
AKKC,STAN,COP9,PXX-XXP,,3,NEW,,0,INLK,INLK,INLK,CNMT,CNMT,INLK,INLK,INLK,,,,,,,,,,,,
AKKC,STAN,COP9,PXX-XXP,,3,OLD,T,0,INLK,INLK,INLK,CNMT,CNMT,INLK,INLK,INLK,,,,,,,,,,,,
AKKC,STAN,COP9,PXX-XXP,,3,OLD,,0,INLK,INLK,INLK,CNMT,CNMT,INLK,INLK,INLK,,,,,,,,,,,,
AKKC,STAN,COPA,PXXX-XXXP,,3,NEW,,0,INLK,INLK,INLK,INLK,INLK,CNMT,CNMT,INLK,INLK,INLK,INLK,INLK,,,,,,,,
AKKC,STAN,COPA,PXXX-XXXP,,3,OLD,,0,INLK,INLK,INLK,INLK,INLK,CNMT,CNMT,INLK,INLK,INLK,INLK,INLK,,,,,,,,
AKKC,STAN,COPA,PXXX-XXXP,,4,NEW,T,0,INLK,INLK,INLK,INLK,INLK,CNMT,CNMT,INLK,INLK,INLK,INLK,INLK,,,,,,,,
AKKC,STAN,COPA,PXXX-XXXP,,4,NEW,,0,INLK,INLK,INLK,INLK,INLK,CNMT,CNMT,INLK,INLK,INLK,INLK,INLK,,,,,,,,
AKKC,STAN,COPA,PXXX-XXXP,,4,OLD,T,0,INLK,INLK,INLK,INLK,INLK,CNMT,CNMT,INLK,INLK,INLK,INLK,INLK,,,,,,,,
AKKC,STAN,COPA,PXXX-XXXP,,4,OLD,,0,INLK,INLK,INLK,INLK,INLK,CNMT,CNMT,INLK,INLK,INLK,INLK,INLK,,,,,,,,
AKKC,STAN,COPB,PXXXX-XXXXP,,4,NEW,,0,INLK,INLK,INLK,INLK,INLK,INLK,INLK,CNMT,CNMT,INLK,INLK,INLK,INLK,INLK,INLK,INLK,,,,
AKKC,STAN,COPB,PXXXX-XXXXP,,4,OLD,,0,INLK,INLK,INLK,INLK,INLK,INLK,INLK,CNMT,CNMT,INLK,INLK,INLK,INLK,INLK,INLK,INLK,,,,
AKKC,STAN,COPB,PXXXX-XXXXP,,5,NEW,T,0,INLK,INLK,INLK,INLK,INLK,INLK,INLK,CNMT,CNMT,INLK,INLK,INLK,INLK,INLK,INLK,INLK,,,,
AKKC,STAN,COPB,PXXXX-XXXXP,,5,NEW,,0,INLK,INLK,INLK,INLK,INLK,INLK,INLK,CNMT,CNMT,INLK,INLK,INLK,INLK,INLK,INLK,INLK,,,,
AKKC,STAN,COPB,PXXXX-XXXXP,,5,OLD,T,0,INLK,INLK,INLK,INLK,INLK,INLK,INLK,CNMT,CNMT,INLK,INLK,INLK,INLK,INLK,INLK,INLK,,,,
AKKC,STAN,COPB,PXXXX-XXXXP,,5,OLD,,0,INLK,INLK,INLK,INLK,INLK,INLK,INLK,CNMT,CNMT,INLK,INLK,INLK,INLK,INLK,INLK,INLK,,,,
